Section,Symbol Name,Address,Size (bytes),Type
,_memmap_mem_srom_start,0x50000000,4096 ,variable
,_memmap_mem_srom_end,0x50001000,268431360 ,variable
,_memmap_mem_sram_start,0x60000000,472064 ,variable
,_memmap_mem_sram_end,0x60073400,539819008 ,variable
,_memmap_mem_sramuc_start,0x80343000,179200 ,variable
,_memmap_mem_sramuc_end,0x8036EC00,0 ,variable
,_memmap_mem_sramicc_start,0x80000000,860160 ,variable
,_memmap_mem_sramicc_end,0x800D2000,0 ,variable
,_memmap_seg_srom0_start,0x50000000,736 ,variable
,_memmap_seg_srom0_max,0x500002E0,0 ,variable
,_memmap_seg_srom1_start,0x500002E0,48 ,variable
,_memmap_seg_srom1_max,0x50000310,0 ,variable
,_memmap_seg_srom2_start,0x50000310,384 ,variable
,_memmap_seg_srom2_max,0x50000490,0 ,variable
,_memmap_seg_srom3_start,0x50000490,2928 ,variable
,_memmap_seg_srom3_max,0x50001000,268431360 ,variable
,_memmap_seg_sram0_start,0x60000000,376 ,variable
,_memmap_seg_sram0_max,0x60000178,0 ,variable
,_memmap_seg_sram1_start,0x60000178,4 ,variable
,_memmap_seg_sram1_max,0x6000017C,0 ,variable
,_memmap_seg_sram2_start,0x6000017C,28 ,variable
,_memmap_seg_sram2_max,0x60000198,0 ,variable
,_memmap_seg_sram3_start,0x60000198,8 ,variable
,_memmap_seg_sram3_max,0x600001A0,0 ,variable
,_memmap_seg_sram4_start,0x600001A0,56 ,variable
,_memmap_seg_sram4_max,0x600001D8,0 ,variable
,_memmap_seg_sram5_start,0x600001D8,4 ,variable
,_memmap_seg_sram5_max,0x600001DC,0 ,variable
,_memmap_seg_sram6_start,0x600001DC,28 ,variable
,_memmap_seg_sram6_max,0x600001F8,0 ,variable
,_memmap_seg_sram7_start,0x600001F8,4 ,variable
,_memmap_seg_sram7_max,0x600001FC,0 ,variable
,_memmap_seg_sram8_start,0x600001FC,28 ,variable
,_memmap_seg_sram8_max,0x60000218,0 ,variable
,_memmap_seg_sram9_start,0x60000218,4 ,variable
,_memmap_seg_sram9_max,0x6000021C,0 ,variable
,_memmap_seg_sram10_start,0x6000021C,28 ,variable
,_memmap_seg_sram10_max,0x60000238,0 ,variable
,_memmap_seg_KERNEL_CODE_DATA_start,0x60000238,33792 ,variable
,_memmap_seg_KERNEL_CODE_DATA_max,0x60008638,0 ,variable
,_memmap_seg_FRAMEWORK_CODE_start,0x60008638,128000 ,variable
,_memmap_seg_FRAMEWORK_CODE_max,0x60027A38,0 ,variable
,_memmap_seg_FRAMEWORK_DATA_start,0x60027A38,153600 ,variable
,_memmap_seg_FRAMEWORK_DATA_max,0x6004D238,0 ,variable
,_memmap_seg_INBITSTREAM_DATA_start,0x6004D238,49152 ,variable
,_memmap_seg_INBITSTREAM_DATA_max,0x60059238,536505800 ,variable
,_memmap_seg_ICC_HOST_DATA_start,0x80000000,40960 ,variable
,_memmap_seg_ICC_HOST_DATA_max,0x8000A000,0 ,variable
,_memmap_seg_ICC_DSP_DATA_start,0x8000A000,51200 ,variable
,_memmap_seg_ICC_DSP_DATA_max,0x80016800,0 ,variable
,_memmap_seg_ICC_OUTPCM_DATA_start,0x80016800,393216 ,variable
,_memmap_seg_ICC_OUTPCM_DATA_max,0x80076800,0 ,variable
,_memmap_seg_ICC_METADATA_start,0x80076800,323584 ,variable
,_memmap_seg_ICC_METADATA_max,0x800C5800,0 ,variable
,_memmap_seg_ICC_RESERVED_MEM_start,0x800C5800,51200 ,variable
,_memmap_seg_ICC_RESERVED_MEM_max,0x800D2000,2560000 ,variable
,_memmap_seg_FRAMEWORK_UC_start,0x80343000,32768 ,variable
,_memmap_seg_FRAMEWORK_UC_max,0x8034B000,0 ,variable
,_rom_store_table,0x0,148480 ,variable
,_memmap_cacheattr_wb_base,0x24400,0 ,variable
,_memmap_cacheattr_wt_base,0x21100,4352 ,variable
,_memmap_cacheattr_bp_base,0x22200,4293779199 ,variable
,_memmap_cacheattr_unused_mask,0xFFF000FF,0 ,variable
,_memmap_cacheattr_wb_trapnull,0x2222442F,0 ,variable
,_memmap_cacheattr_wba_trapnull,0x2222442F,4352 ,variable
,_memmap_cacheattr_wbna_trapnull,0x2222552F,0 ,variable
,_memmap_cacheattr_wt_trapnull,0x2222112F,4352 ,variable
,_memmap_cacheattr_bp_trapnull,0x2222222F,3721405136 ,variable
,_memmap_cacheattr_wb_strict,0xFFF244FF,0 ,variable
,_memmap_cacheattr_wt_strict,0xFFF211FF,4352 ,variable
,_memmap_cacheattr_bp_strict,0xFFF222FF,0 ,variable
,_memmap_cacheattr_wb_allvalid,0x22224422,0 ,variable
,_memmap_cacheattr_wt_allvalid,0x22221122,4352 ,variable
,_memmap_cacheattr_bp_allvalid,0x22222222,0 ,variable
,_memmap_region_map,0x1C,572670995 ,variable
,PROVIDE,0x2222442F,769506257 ,variable
,0x12c,0x50000000,0 ,variable
,_ResetVector_text_start,0x50000000,0 ,variable
,0x129,0x50000000,0 ,variable
,_ResetVector,0x50000000,60 ,variable
,_ResetHandler,0x5000003C,240 ,variable
,.,0x5000012C,0 ,variable
,_ResetVector_text_end,0x5000012C,0 ,variable
,0x0,0x5000012C,0 ,variable
,_ResetHandler_text_start,0x5000012C,0 ,variable
,.,0x5000012C,0 ,variable
,_ResetHandler_text_end,0x5000012C,4 ,variable
,_memmap_seg_srom0_end,0x50000130,432 ,variable
,0x8,0x500002E0,0 ,variable
,_MemoryExceptionVector_literal_start,0x500002E0,0 ,variable
,0x8,0x500002E0,8 ,variable
,.,0x500002E8,0 ,variable
,_MemoryExceptionVector_literal_end,0x500002E8,0 ,variable
,_memmap_seg_srom1_end,0x500002E8,40 ,variable
,0xb0,0x50000310,0 ,variable
,_MemoryExceptionVector_text_start,0x50000310,0 ,variable
,0xb0,0x50000310,0 ,variable
,_MemErrorVector,0x50000310,176 ,variable
,.,0x500003C0,0 ,variable
,_MemoryExceptionVector_text_end,0x500003C0,0 ,variable
,_memmap_seg_srom2_end,0x500003C0,208 ,variable
.srom.rodata,_srom_rodata_start,0x50000490,0 ,variable
.srom.rodata,.,0x50000490,0 ,variable
.srom.rodata,_srom_rodata_end,0x50000490,0 ,variable
.srom.text,_srom_text_start,0x50000490,0 ,variable
.srom.text,.,0x50000490,0 ,variable
.srom.text,_srom_text_end,0x50000490,0 ,variable
.srom.text,_memmap_seg_srom3_end,0x50000490,0 ,variable
.srom.text,_memmap_mem_srom_max,0x50000490,268434288 ,variable
.srom.text,0x16c,0x60000000,0 ,variable
.srom.text,_WindowVectors_text_start,0x60000000,0 ,variable
.srom.text,0x16a,0x60000000,0 ,variable
.srom.text,_WindowOverflow4,0x60000000,16 ,variable
.srom.text,_xtos_alloca_handler,0x60000010,48 ,variable
.srom.text,_WindowUnderflow4,0x60000040,64 ,variable
.srom.text,_WindowOverflow8,0x60000080,64 ,variable
.srom.text,_WindowUnderflow8,0x600000C0,64 ,variable
.srom.text,_WindowOverflow12,0x60000100,64 ,variable
.srom.text,_WindowUnderflow12,0x60000140,44 ,variable
.srom.text,.,0x6000016C,0 ,variable
.srom.text,_WindowVectors_text_end,0x6000016C,4 ,variable
.srom.text,_memmap_seg_sram0_end,0x60000170,8 ,variable
.srom.text,0x0,0x60000178,0 ,variable
.srom.text,_Level2InterruptVector_literal_start,0x60000178,0 ,variable
.srom.text,.,0x60000178,0 ,variable
.srom.text,_Level2InterruptVector_literal_end,0x60000178,0 ,variable
.srom.text,_memmap_seg_sram1_end,0x60000178,4 ,variable
.srom.text,0x8,0x6000017C,0 ,variable
.srom.text,_Level2InterruptVector_text_start,0x6000017C,0 ,variable
.srom.text,0x6,0x6000017C,0 ,variable
.srom.text,_Level2Vector,0x6000017C,8 ,variable
.srom.text,.,0x60000184,0 ,variable
.srom.text,_Level2InterruptVector_text_end,0x60000184,4 ,variable
.srom.text,_memmap_seg_sram2_end,0x60000188,16 ,variable
.srom.text,0x0,0x60000198,0 ,variable
.srom.text,_DebugExceptionVector_literal_start,0x60000198,0 ,variable
.srom.text,.,0x60000198,0 ,variable
.srom.text,_DebugExceptionVector_literal_end,0x60000198,0 ,variable
.srom.text,_memmap_seg_sram3_end,0x60000198,8 ,variable
.srom.text,0xc,0x600001A0,0 ,variable
.srom.text,_DebugExceptionVector_text_start,0x600001A0,0 ,variable
.srom.text,0xb,0x600001A0,0 ,variable
.srom.text,_DebugExceptionVector,0x600001A0,12 ,variable
.srom.text,.,0x600001AC,0 ,variable
.srom.text,_DebugExceptionVector_text_end,0x600001AC,4 ,variable
.srom.text,_memmap_seg_sram4_end,0x600001B0,40 ,variable
.srom.text,0x0,0x600001D8,0 ,variable
.srom.text,_KernelExceptionVector_literal_start,0x600001D8,0 ,variable
.srom.text,.,0x600001D8,0 ,variable
.srom.text,_KernelExceptionVector_literal_end,0x600001D8,0 ,variable
.srom.text,_memmap_seg_sram5_end,0x600001D8,4 ,variable
.srom.text,0x8,0x600001DC,0 ,variable
.srom.text,_KernelExceptionVector_text_start,0x600001DC,0 ,variable
.srom.text,0x6,0x600001DC,0 ,variable
.srom.text,_KernelExceptionVector,0x600001DC,8 ,variable
.srom.text,.,0x600001E4,0 ,variable
.srom.text,_KernelExceptionVector_text_end,0x600001E4,4 ,variable
.srom.text,_memmap_seg_sram6_end,0x600001E8,16 ,variable
.srom.text,0x4,0x600001F8,0 ,variable
.srom.text,_UserExceptionVector_literal_start,0x600001F8,0 ,variable
.srom.text,0x4,0x600001F8,4 ,variable
.srom.text,.,0x600001FC,0 ,variable
.srom.text,_UserExceptionVector_literal_end,0x600001FC,4 ,variable
.srom.text,_memmap_seg_sram7_end,0x60000200,0 ,variable
.srom.text,0xc,0x600001FC,0 ,variable
.srom.text,_UserExceptionVector_text_start,0x600001FC,0 ,variable
.srom.text,0xb,0x600001FC,0 ,variable
.srom.text,_UserExceptionVector,0x600001FC,12 ,variable
.srom.text,.,0x60000208,0 ,variable
.srom.text,_UserExceptionVector_text_end,0x60000208,0 ,variable
.srom.text,_memmap_seg_sram8_end,0x60000208,16 ,variable
.srom.text,0x0,0x60000218,0 ,variable
.srom.text,_DoubleExceptionVector_literal_start,0x60000218,0 ,variable
.srom.text,.,0x60000218,0 ,variable
.srom.text,_DoubleExceptionVector_literal_end,0x60000218,0 ,variable
.srom.text,_memmap_seg_sram9_end,0x60000218,4 ,variable
.srom.text,0x8,0x6000021C,0 ,variable
.srom.text,_DoubleExceptionVector_text_start,0x6000021C,0 ,variable
.srom.text,0x6,0x6000021C,0 ,variable
.srom.text,_DoubleExceptionVector,0x6000021C,8 ,variable
.srom.text,.,0x60000224,0 ,variable
.srom.text,_DoubleExceptionVector_text_end,0x60000224,4 ,variable
.srom.text,_memmap_seg_sram10_end,0x60000228,16 ,variable
.sram.rodata,_sram_rodata_start,0x60000238,0 ,variable
.sram.rodata,.,0x60000238,0 ,variable
.sram.rodata,_sram_rodata_end,0x60000238,0 ,variable
.clib.rodata,_clib_rodata_start,0x60000238,0 ,variable
.clib.rodata,.,0x60000238,0 ,variable
.clib.rodata,_clib_rodata_end,0x60000238,8 ,variable
.rtos.rodata,_rtos_rodata_start,0x60000240,0 ,variable
.rtos.rodata,Xthal_intlevel,0x60000240,64 ,variable
.rtos.rodata,.,0x60000280,0 ,variable
.rtos.rodata,_rtos_rodata_end,0x60000280,0 ,variable
.rodata,_rodata_start,0x60000280,536 ,variable
.rodata,drv_irq_src_forceable,0x60000498,312 ,variable
.rodata,0x32,0x600005D0,68 ,variable
.rodata.cst16,0x32,0x60000614,0 ,variable
.rodata.cst16,(size,0x1,1610614291 ,variable
.rodata.cst16,__XT_EXCEPTION_TABLE__,0x60000614,20 ,variable
.dtors,__XT_EXCEPTION_DESCS__,0x60000628,0 ,variable
.dtors,__XT_EXCEPTION_DESCS_END__,0x60000628,32 ,variable
.dtors,.,0x60000648,0 ,variable
.dtors,_bss_table_start,0x60000628,0 ,variable
.dtors,0x4,0x60000628,4 ,variable
.dtors,0x4,0x6000062C,4 ,variable
.dtors,0x4,0x60000630,4 ,variable
.dtors,0x4,0x60000634,4 ,variable
.dtors,_bss_table_end,0x60000638,0 ,variable
.dtors,.,0x60000638,0 ,variable
.dtors,_rodata_end,0x60000638,0 ,variable
.sram.text,_sram_text_start,0x60000638,0 ,variable
.sram.text,.,0x60000638,0 ,variable
.sram.text,_sram_text_end,0x60000638,8 ,variable
.text,_stext,0x60000640,0 ,function
.text,_text_start,0x60000640,0 ,function
.literal,(size,0x64,0 ,variable
.literal,(size,0x20,32 ,variable
.literal,(size,0x40,0 ,variable
.literal,(size,0x10,124 ,variable
.literal,(size,0x8C,120 ,variable
.literal,(size,0x104,0 ,variable
.literal,(size,0x6C,4 ,variable
.literal,(size,0x70,364 ,variable
.literal,(size,0x1DC,0 ,variable
.literal,(size,0x88,0 ,variable
.literal,(size,0x1C,196 ,variable
.literal,(size,0xE0,0 ,variable
.literal,(size,0x7C,0 ,variable
.literal,(size,0x14,1610614820 ,variable
.literal,0x8,0x60000838,0 ,variable
.literal,(size,0xC,16 ,variable
.literal.exit,(size,0x1C,1610614832 ,variable
.literal.exit,0xc,0x6000084C,0 ,variable
.literal,(size,0x4,4 ,variable
.literal,(size,0x8,0 ,variable
.literal,(size,0x4,40 ,variable
.literal,(size,0x2C,0 ,variable
.literal,(size,0x1C,0 ,variable
.literal,(size,0x8,1610614924 ,variable
.literal,0x14,0x60000894,0 ,variable
.literal,(size,0x30,1610614916 ,variable
.init,_init,0x600008B4,0 ,variable
.text,(size,0xCD,1610614787 ,function
.text,_start,0x600008D0,288 ,function
.text,main,0x600009F0,624 ,function
.text,drv_vmem_VirtualtoPhysicalADD,0x60000C60,64 ,function
.text,drv_vmem_PhysicaltoVirtualADD,0x60000CA0,64 ,function
.text,drv_bufmgr_init,0x60000CE0,312 ,function
.text,drv_bufmgr_init_secondary,0x60000E18,92 ,function
.text,drv_bufmgr_RegisterCallback,0x60000E74,24 ,function
.text,drv_bufmgr_DeregisterCallback,0x60000E8C,24 ,function
.text,drv_bufmgr_ChannelDisable,0x60000EA4,80 ,function
.text,drv_bufmgr_TxSubmitDualCircBuff,0x60000EF4,316 ,function
.text,drv_bufmgr_RxSubmitDualCircBuff,0x60001030,316 ,function
.text,drv_clkrst_config,0x6000116C,8 ,function
.text,drv_clkrst_i2srxclkenable,0x60001174,120 ,function
.text,drv_clkrst_i2stxclkenable,0x600011EC,200 ,function
.text,drv_clkrst_config2,0x600012B4,80 ,function
.text,drv_hpdiv_config,0x60001304,524 ,function
.text,drv_hpdiv_config_intmclk,0x60001510,524 ,function
.text,drv_dfs_config,0x6000171C,316 ,function
.text,drv_evctr0_Enable,0x60001858,88 ,function
.text,drv_evctr0_Enable2,0x600018B0,88 ,function
.text,drv_evctr0_ResultValid,0x60001908,20 ,function
.text,drv_evctr0_ClearValid,0x6000191C,28 ,function
.text,drv_evctr0_ReadResult,0x60001938,20 ,function
.text,drv_clkrst_GenerateIntBclk,0x6000194C,116 ,function
.text,drv_clkrst_SwitchToIntBclk,0x600019C0,52 ,function
.text,drv_clkrst_SwitchToExtBclk,0x600019F4,60 ,function
.text,drv_i2srx_Open,0x60001A30,344 ,function
.text,drv_i2srx_Close,0x60001B88,164 ,function
.text,drv_i2srx_RegisterCallback,0x60001C2C,36 ,function
.text,drv_i2srx_Enable,0x60001C50,36 ,function
.text,drv_i2srx_SetFormat,0x60001C74,416 ,function
.text,drv_i2srx_SubmitDualCircBuff,0x60001E14,132 ,function
.text,drv_i2srx_StopDMA,0x60001E98,20 ,function
.text,drv_i2srx_ReadDMAStat,0x60001EAC,84 ,function
.text,drv_i2stx_Open,0x60001F00,320 ,function
.text,drv_i2stx_Close,0x60002040,168 ,function
.text,drv_i2stx_RegisterCallback,0x600020E8,36 ,function
.text,drv_i2stx_Enable,0x6000210C,36 ,function
.text,drv_i2stx_SetFormat,0x60002130,416 ,function
.text,drv_i2stx_SubmitDualCircBuff,0x600022D0,156 ,function
.text,drv_i2stx_StopDMA,0x6000236C,20 ,function
.text,drv_i2stx_ReadDMAStat,0x60002380,0 ,function
.text,(size,0x987,1610619473 ,function
.text,drv_irq_proc_init,0x600023D8,500 ,function
.text,drv_irq_handler_0,0x600025CC,8 ,function
.text,drv_irq_handler_1,0x600025D4,8 ,function
.text,drv_irq_handler_2,0x600025DC,32 ,function
.text,drv_irq_handler_3,0x600025FC,8 ,function
.text,drv_irq_handler_4,0x60002604,112 ,function
.text,drv_irq_handler_5,0x60002674,8 ,function
.text,drv_irq_handler_6,0x6000267C,128 ,function
.text,drv_irq_handler_7,0x600026FC,132 ,function
.text,drv_irq_handler_8,0x60002780,8 ,function
.text,drv_irq_handler_9,0x60002788,8 ,function
.text,drv_irq_handler_10,0x60002790,8 ,function
.text,drv_irq_handler_11,0x60002798,8 ,function
.text,drv_irq_handler_12,0x600027A0,8 ,function
.text,drv_irq_handler_13,0x600027A8,8 ,function
.text,drv_irq_handler_14,0x600027B0,8 ,function
.text,drv_irq_handler_15,0x600027B8,8 ,function
.text,drv_irq_handler_16,0x600027C0,8 ,function
.text,drv_irq_handler_17,0x600027C8,8 ,function
.text,drv_irq_handler_18,0x600027D0,8 ,function
.text,drv_irq_handler_19,0x600027D8,124 ,function
.text,drv_irq_handler_20,0x60002854,8 ,function
.text,drv_irq_handler_21,0x6000285C,8 ,function
.text,drv_irq_handler_22,0x60002864,148 ,function
.text,drv_irq_handler_23,0x600028F8,8 ,function
.text,drv_irq_handler_24,0x60002900,8 ,function
.text,drv_irq_handler_25,0x60002908,8 ,function
.text,drv_irq_handler_26,0x60002910,112 ,function
.text,drv_irq_handler_27,0x60002980,8 ,function
.text,drv_irq_handler_28,0x60002988,8 ,function
.text,drv_irq_handler_29,0x60002990,8 ,function
.text,drv_irq_handler_30,0x60002998,8 ,function
.text,drv_irq_handler_31,0x600029A0,8 ,function
.text,drv_irq_proc_enable,0x600029A8,12 ,function
.text,drv_irq_proc_disable,0x600029B4,12 ,function
.text,drv_irq_proc_clear,0x600029C0,20 ,function
.text,drv_irq_proc_set,0x600029D4,20 ,function
.text,drv_irq_src_is_valid,0x600029E8,76 ,function
.text,drv_irq_init,0x60002A34,36 ,function
.text,drv_irq_dispatch,0x60002A58,40 ,function
.text,drv_irq_enable,0x60002A80,88 ,function
.text,drv_irq_disable,0x60002AD8,100 ,function
.text,drv_irq_disable_all,0x60002B3C,52 ,function
.text,drv_irq_clear,0x60002B70,168 ,function
.text,drv_irq_set,0x60002C18,168 ,function
.text,drv_irq_register,0x60002CC0,0 ,function
.text,(size,0x3BE,1610623266 ,function
.text,drv_mutex_MsgRepInit,0x60002CE0,24 ,function
.text,drv_mutex_MsgRepCleanShMem,0x60002CF8,40 ,function
.text,drv_mutex_MsgRepIntEnable,0x60002D20,412 ,function
.text,drv_mutex_RegisterMsgRepCallback,0x60002EBC,24 ,function
.text,drv_mutex_SendMsg,0x60002ED4,64 ,function
.text,drv_mutex_SendRep,0x60002F14,120 ,function
.text,drv_mutex_SendMsgInt,0x60002F8C,44 ,function
.text,drv_mutex_SendRepInt,0x60002FB8,108 ,function
.text,drv_mutex_SYNCSet,0x60003024,24 ,function
.text,drv_mutex_SYNCClr,0x6000303C,24 ,function
.text,drv_mutex_SYNCWrite,0x60003054,24 ,function
.text,drv_mutex_SYNCRead,0x6000306C,28 ,function
.text,drv_padcfg_config,0x60003088,224 ,function
.text,drv_padcfg_config_bt_slave,0x60003168,256 ,function
.text,drv_padcfg_MCLKOutEnable,0x60003268,28 ,function
.text,drv_padcfg_IFSEN,0x60003284,36 ,function
.text,drv_padcfg_OFSEN,0x600032A8,36 ,function
.text,drv_padcfg_IFSEN_bt,0x600032CC,36 ,function
.text,drv_padcfg_InOutEnable,0x600032F0,0 ,function
.text,(size,0xF4C,1610621952 ,function
.text,drv_pinmux_config,0x6000334C,656 ,function
.text,drv_pinmux_config2,0x600035DC,728 ,function
.text,drv_pinmux_config_bt_slave,0x600038B4,544 ,function
.text,drv_pinmux_config_adc,0x60003AD4,556 ,function
.text,drv_pinmux_iclkconnect,0x60003D00,148 ,function
.text,drv_pinmux_iclkconnect_bt,0x60003D94,48 ,function
.text,drv_pinmux_oclkconnect,0x60003DC4,132 ,function
.text,drv_pinmux_ifsconnect,0x60003E48,148 ,function
.text,drv_pinmux_ifsconnect_bt,0x60003EDC,48 ,function
.text,drv_pinmux_ofsconnect,0x60003F0C,116 ,function
.text,drv_pinmux_ifslevel,0x60003F80,20 ,function
.text,drv_pinmux_ofslevel,0x60003F94,20 ,function
.text,drv_pinmux_EnableIFSInt,0x60003FA8,100 ,function
.text,drv_pinmux_EnableIFSInt_bt,0x6000400C,76 ,function
.text,drv_pinmux_DisableIFSInt,0x60004058,12 ,function
.text,drv_pinmux_EnableOFSInt,0x60004064,108 ,function
.text,drv_pinmux_DisableOFSInt,0x600040D0,12 ,function
.text,drv_pinmux_SPIFlashCfg,0x600040DC,208 ,function
.text,drv_pinmux_XIPFlashCfg,0x600041AC,228 ,function
.text,drv_pll_config,0x60004290,356 ,function
.text,drv_pll_config2,0x600043F4,356 ,function
.text,drv_pll_config3,0x60004558,356 ,function
.text,drv_pll_config4,0x600046BC,356 ,function
.text,drv_pll_config5,0x60004820,356 ,function
.text,drv_pll_config6,0x60004984,356 ,function
.text,drv_pll_CPUClockSel,0x60004AE8,40 ,function
.text,drv_frt_Init,0x60004B10,48 ,function
.text,drv_frt_Start,0x60004B40,20 ,function
.text,drv_frt_Pause,0x60004B54,20 ,function
.text,drv_frt_Clear,0x60004B68,20 ,function
.text,drv_frt_Read,0x60004B7C,24 ,function
.text,0x1b,0x60004B94,0 ,function
.text,(size,0x1E,1610632054 ,function
.text,__clibrary_init,0x60004B94,28 ,function
.text.exit,exit,0x60004BB0,120 ,variable
.text.exit,0x18,0x60004C28,0 ,variable
.text.exit,_init_reent_bss,0x60004C28,0 ,variable
.text,(size,0xC,1610632244 ,function
.text,_Exit,0x60004C40,8 ,function
.text,xtos_interrupt_enable,0x60004C48,60 ,function
.text,xtos_interrupt_disable,0x60004C84,60 ,function
.text,xtos_set_interrupt_handler,0x60004CC0,0 ,function
.text,(size,0x20,1610632436 ,function
.text,_exit,0x60004D14,32 ,function
.text,_UserExceptionFromVector,0x60004D34,20 ,function
.text,_xtos_l1int_handler,0x60004D48,30 ,function
.text,_LevelOneInterrupt,0x60004D66,222 ,function
.text,_Level2FromVector,0x60004E44,296 ,function
.text,_xtos_syscall_handler,0x60004F6C,63 ,function
.text,_SyscallException,0x60004FAB,49 ,function
.text,0x141,0x60004FDC,0 ,function
.text,_MemErrorHandler,0x60004FDC,324 ,function
.text,xthal_set_cache_prefetch_long,0x60005120,96 ,function
.text,memcmp,0x60005180,128 ,function
.text,memcpy,0x60005200,344 ,function
.text,memset,0x60005358,84 ,function
.text,board_init,0x600053AC,8 ,function
.text,xtos_unhandled_interrupt,0x600053B4,8 ,function
.text,xtos_cause3_handler,0x600053BC,0 ,function
.text,xtos_unhandled_exception,0x600053BC,16 ,function
.text,_xtos_return_from_exc,0x600053CC,36 ,function
.text,xthal_dcache_all_writeback,0x600053F0,32 ,function
.text,xthal_dcache_region_writeback,0x60005410,32 ,function
.text,xthal_dcache_region_writeback_inv,0x60005430,28 ,function
.fini,_fini,0x6000544C,16 ,variable
.fini,.,0x6000545C,0 ,variable
.fini,_text_end,0x6000545C,0 ,variable
.fini,_etext,0x6000545C,0 ,variable
.fini,0x0,0x6000545C,0 ,variable
.fini,0x0,0x6000545C,0 ,variable
.clib.text,_clib_text_start,0x6000545C,0 ,variable
.clib.text,.,0x6000545C,0 ,variable
.clib.text,_clib_text_end,0x6000545C,0 ,variable
.rtos.text,_rtos_text_start,0x6000545C,0 ,variable
.rtos.text,.,0x6000545C,0 ,variable
.rtos.text,_rtos_text_end,0x6000545C,0 ,variable
.clib.data,_clib_data_start,0x6000545C,0 ,variable
.clib.data,_Nats,0x6000545C,4 ,variable
.clib.data,_Atcount,0x60005460,4 ,variable
.clib.data,environ,0x60005464,4 ,variable
.clib.data,.,0x60005468,0 ,variable
.clib.data,_clib_data_end,0x60005468,0 ,variable
.clib.data,0x0,0x60005468,0 ,variable
.clib.data,_clib_percpu_data_start,0x60005468,0 ,variable
.clib.data,.,0x60005468,0 ,variable
.clib.data,_clib_percpu_data_end,0x60005468,0 ,variable
.clib.data,0x314,0x60005468,0 ,variable
.clib.data,_rtos_percpu_data_start,0x60005468,0 ,variable
.clib.data,0x4,0x60005468,4 ,variable
.clib.data,0x0,0x6000546C,0 ,variable
.clib.data,0x0,0x6000546C,0 ,variable
.clib.data,0x0,0x6000546C,0 ,variable
.clib.data,0x0,0x6000546C,0 ,variable
.clib.data,0x0,0x6000546C,0 ,variable
.clib.data,0x0,0x6000546C,0 ,variable
.clib.data,0x0,0x6000546C,0 ,variable
.clib.data,0x0,0x6000546C,4 ,variable
.clib.data,0x208,0x60005470,0 ,variable
.clib.data,_xtos_intstruct,0x60005470,0 ,variable
.clib.data,xtos_enabled,0x60005470,4 ,variable
.clib.data,xtos_vpri_enabled,0x60005474,4 ,variable
.clib.data,xtos_interrupt_table,0x60005478,256 ,variable
.clib.data,xtos_interrupt_mask_table,0x60005578,256 ,variable
.clib.data,0x0,0x60005678,0 ,variable
.clib.data,0x100,0x60005678,0 ,variable
.clib.data,xtos_exc_handler_table,0x60005678,256 ,variable
.clib.data,0x0,0x60005778,0 ,variable
.clib.data,0x0,0x60005778,0 ,variable
.clib.data,0x0,0x60005778,0 ,variable
.clib.data,0x4,0x60005778,0 ,variable
.clib.data,_Pri_2_HandlerAddress,0x60005778,4 ,variable
.clib.data,0x0,0x6000577C,0 ,variable
.clib.data,0x0,0x6000577C,0 ,variable
.clib.data,0x0,0x6000577C,0 ,variable
.clib.data,0x0,0x6000577C,0 ,variable
.clib.data,.,0x6000577C,0 ,variable
.clib.data,_rtos_percpu_data_end,0x6000577C,0 ,variable
.rtos.data,_rtos_data_start,0x6000577C,0 ,variable
.rtos.data,.,0x6000577C,0 ,variable
.rtos.data,_rtos_data_end,0x6000577C,0 ,variable
.sram.data,_sram_data_start,0x6000577C,0 ,variable
.sram.data,.,0x6000577C,0 ,variable
.sram.data,_sram_data_end,0x6000577C,4 ,variable
.data,_data_start,0x60005780,0 ,variable
.data,_start_argc,0x60005780,4 ,variable
.data,_start_argv,0x60005784,4 ,variable
.data,_start_envp,0x60005788,4 ,variable
.data,__dso_handle,0x6000578C,36 ,variable
.data,g_VMEMTableHIFI0,0x600057B0,64 ,variable
.data,g_VMEMTableHIFI1,0x600057F0,64 ,variable
.data,g_VMEMTableHIFI2,0x60005830,48 ,variable
.data,g_VMEMTableMCU1,0x60005860,48 ,variable
.data,g_pBUFMGRTable,0x60005890,4 ,variable
.data,g_pCLKRSTTable,0x60005894,12 ,variable
.data,g_I2SRXDevices,0x600058A0,144 ,variable
.data,g_I2STXDevices,0x60005930,144 ,variable
.data,g_pIRQHIFI1Regs,0x600059C0,4 ,variable
.data,g_pIRQHIFI2Regs,0x600059C4,4 ,variable
.data,g_pIRQMCU0Regs,0x600059C8,4 ,variable
.data,g_pIRQMCU1Regs,0x600059CC,4 ,variable
.data,g_pEVCTR0Table,0x600059D0,4 ,variable
.data,g_pEVCTR1Table,0x600059D4,4 ,variable
.data,g_pEVMGRRegs,0x600059D8,4 ,variable
.data,g_pIRQHIFI0Regs,0x600059DC,4 ,variable
.data,g_MUTEXMsgRepInfo,0x600059E0,12 ,variable
.data,g_pPADCFGTable,0x600059EC,4 ,variable
.data,g_pPINMUXTable,0x600059F0,4 ,variable
.data,g_pPLLRegs,0x600059F4,4 ,variable
.data,g_pPLLDIGRegs,0x600059F8,4 ,variable
.data,g_REFCLKRegs,0x600059FC,4 ,variable
.data,g_pFRTTable,0x60005A00,4 ,variable
.data,.,0x60005A04,0 ,variable
.data,_data_end,0x60005A04,12 ,variable
.Host.data,msg2,0x60005A10,32 ,variable
.Host.data,msg3,0x60005A30,16 ,variable
.Host.data,msg4,0x60005A40,16 ,variable
.Host.data,msg5,0x60005A50,16 ,variable
.Host.data,msg6,0x60005A60,28 ,variable
.Host.data,status_flag,0x60005A7C,4 ,variable
.Host.data,stream_change_flag,0x60005A80,4 ,variable
.Host.data,temp_status,0x60005A84,4 ,variable
.Host.data,pstatus,0x60005A88,4 ,variable
.Host.data,MCU_Ready,0x60005A8C,4 ,variable
.Host.data,pPDst_HIFI0_Command,0x60005A90,4 ,variable
.Host.data,pPDst_HIFI0_Status,0x60005A94,4 ,variable
.Host.data,bMCU1MsgRcvd,0x60005A98,1 ,variable
.Host.data,bMCU1RepRcvd,0x60005A99,7 ,variable
.Host.data,msg1,0x60005AA0,8 ,variable
.Host.data,0x0,0x60005AA8,0 ,variable
.Host.data,__llvm_prf_names_start,0x60005AA8,0 ,variable
.Host.data,.,0x60005AA8,0 ,variable
.Host.data,__llvm_prf_names_end,0x60005AA8,0 ,variable
.Host.data,0x0,0x60005AA8,0 ,variable
.Host.data,_note_gnu_build-id_start,0x60005AA8,0 ,variable
.Host.data,.,0x60005AA8,0 ,variable
.Host.data,_note_gnu_build-id_end,0x60005AA8,8 ,variable
.bss,.,0x60005AB0,0 ,variable
.bss,_bss_start,0x60005AB0,0 ,variable
.bss,au_result,0x60005AB0,16 ,variable
.bss,I2SRX0Handle,0x60005AC0,4 ,variable
.bss,I2SRX8Handle,0x60005AC4,12 ,variable
.bss,I2SRX8DeviceMEM,0x60005AD0,12 ,variable
.bss,I2SRX1Handle,0x60005ADC,4 ,variable
.bss,I2SRX2Handle,0x60005AE0,4 ,variable
.bss,I2STX2Handle,0x60005AE4,4 ,variable
.bss,I2STX3Handle,0x60005AE8,4 ,variable
.bss,I2STX4Handle,0x60005AEC,4 ,variable
.bss,I2STX6Handle,0x60005AF0,16 ,variable
.bss,I2STX6DeviceMEM,0x60005B00,12 ,variable
.bss,I2STX7Handle,0x60005B0C,4 ,variable
.bss,I2STX8Handle,0x60005B10,4 ,variable
.bss,bIFSPadEnabled,0x60005B14,4 ,variable
.bss,IFSIntCnt,0x60005B18,8 ,variable
.bss,g_pBUFMGRChMaintTable,0x60005B20,80 ,variable
.bss,g_BUFMGRChInfo,0x60005B70,160 ,variable
.bss,g_irq_table,0x60005C10,708 ,variable
.bss,g_pCurrIRQReg,0x60005ED4,12 ,variable
.bss,g_PadsIntInfo,0x60005EE0,16 ,variable
.bss,_MemErrorSave,0x60005EF0,12 ,variable
.clib.bss,__progname,0x60005EFC,4 ,variable
.clib.bss,_Atcount0,0x60005F00,4 ,variable
.clib.bss,_atexitfns,0x60005F04,4 ,variable
.clib.bss,_atexitfree,0x60005F08,8 ,variable
.clib.bss,0xfc,0x60005F10,248 ,variable
.clib.bss,_reent_ptr,0x60006008,4 ,variable
.clib.bss,0x0,0x6000600C,0 ,variable
.clib.bss,0x0,0x6000600C,0 ,variable
.clib.bss,0x0,0x6000600C,0 ,variable
.clib.bss,0x0,0x6000600C,0 ,variable
.clib.bss,0x0,0x6000600C,0 ,variable
.clib.bss,0x0,0x6000600C,0 ,variable
.clib.bss,0x0,0x6000600C,0 ,variable
.clib.bss,0x0,0x6000600C,0 ,variable
.clib.bss,0x0,0x6000600C,0 ,variable
.clib.bss,0x0,0x6000600C,0 ,variable
.clib.bss,0x0,0x6000600C,0 ,variable
.clib.bss,0x0,0x6000600C,0 ,variable
.clib.bss,0x0,0x6000600C,0 ,variable
.clib.bss,0x0,0x6000600C,0 ,variable
.clib.bss,0x0,0x6000600C,4 ,variable
.clib.bss,0x54c,0x60006010,1356 ,variable
.clib.bss,0x0,0x6000655C,0 ,variable
.clib.bss,0x0,0x6000655C,0 ,variable
.clib.bss,0x0,0x6000655C,0 ,variable
.clib.bss,0x0,0x6000655C,4 ,variable
.rtos.bss,.,0x60006560,0 ,variable
.rtos.bss,_bss_end,0x60006560,0 ,variable
.rtos.bss,_memmap_seg_KERNEL_CODE_DATA_end,0x60006560,8416 ,variable
.Host.text,_Host_text_start,0x60008640,0 ,variable
.Host.literal,(size,0xC8,0 ,variable
.Host.literal,(size,0x48,0 ,variable
.Host.literal,(size,0x34,1610647148 ,variable
.Host.text,au_stateinfo_comparison,0x600086A0,292 ,variable
.Host.text,au_controlword_process,0x600087C4,688 ,variable
.Host.text,au_stateinfo_update,0x60008A74,212 ,variable
.Host.text,input_config,0x60008B48,200 ,variable
.Host.text,au_controlword_process_core1,0x60008C10,100 ,variable
.Host.text,au_controlword_process_core2,0x60008C74,100 ,variable
.Host.text,au_stateinfo_compare,0x60008CD8,0 ,variable
.Host.text,(size,0xA8,1610648860 ,variable
.Host.text,MutexMsgRepCallback,0x60008DC4,0 ,variable
.Host.text,(size,0x5F,1610649085 ,variable
.Host.text,configure_mutex,0x60008E5C,60 ,variable
.Host.text,enable_mutex,0x60008E98,16 ,variable
.Host.text,.,0x60008EA8,0 ,variable
.Host.text,_Host_text_end,0x60008EA8,0 ,variable
.Isr.text,_Isr_text_start,0x60008EA8,0 ,variable
.Isr.literal,(size,0x88,447 ,variable
.Isr.text,(size,0x247,1610648701 ,variable
.Isr.text,I2SRX0Callback,0x60008EC4,220 ,variable
.Isr.text,I2STX2Callback,0x60008FA0,304 ,variable
.Isr.text,.,0x600090D0,0 ,variable
.Isr.text,_Isr_text_end,0x600090D0,0 ,variable
.Isr.text,0x1c60,0x600090D0,0 ,variable
.Isr.text,_Framework_text_start,0x600090D0,0 ,variable
.Isr.text,0x4,0x600090D0,0 ,variable
.Isr.text,(size,0x8,1610649804 ,variable
.Isr.text,0x18,0x600090D4,0 ,variable
.Isr.text,(size,0x80,1610649708 ,variable
.Isr.text,0x8,0x600090EC,0 ,variable
.Isr.text,(size,0x18,1610649820 ,variable
.Isr.text,0x8,0x600090F4,0 ,variable
.Isr.text,(size,0x20,1610649820 ,variable
.Isr.text,0x0,0x600090FC,0 ,variable
.Isr.text,(size,0x1C,1610649824 ,variable
.Isr.text,0x4,0x600090FC,0 ,variable
.Isr.text,(size,0x24,1610649820 ,variable
.Isr.text,0xd4,0x60009100,0 ,variable
.Isr.text,(size,0x3B4,1610649120 ,variable
.Isr.text,0x38,0x600091D4,0 ,variable
.Isr.text,(size,0x3B,1610650009 ,variable
.Isr.text,au_postprocess,0x600091D4,60 ,variable
.Isr.text,0x95f,0x60009210,0 ,variable
.Isr.text,audioprocess,0x60009210,248 ,variable
.Isr.text,au_memallocation,0x60009308,356 ,variable
.Isr.text,au_resetsystemvariables,0x6000946C,32 ,variable
.Isr.text,mpcmprocess,0x6000948C,1008 ,variable
.Isr.text,au_reset_buf,0x6000987C,104 ,variable
.Isr.text,isinbitstreamavailable,0x600098E4,44 ,variable
.Isr.text,isoutpcmbufavailable,0x60009910,56 ,variable
.Isr.text,au_inbitstreambuf2processingbuf,0x60009948,40 ,variable
.Isr.text,au_ptr_update,0x60009970,48 ,variable
.Isr.text,au_processingbuf2outpcmbuf,0x600099A0,144 ,variable
.Isr.text,routing_12_channel,0x60009A30,92 ,variable
.Isr.text,iccdata_sendc0toc1,0x60009A8C,92 ,variable
.Isr.text,au_resetmemallocation,0x60009AE8,104 ,variable
.Isr.text,au_resetsysetemvariables_fs,0x60009B50,32 ,variable
.Isr.text,0x19a,0x60009B70,0 ,variable
.Isr.text,au_frameworkinit,0x60009B70,416 ,variable
.Isr.text,0x275,0x60009D10,0 ,variable
.Isr.text,isr_receiver,0x60009D10,368 ,variable
.Isr.text,rx_intermediate_copy,0x60009E80,272 ,variable
.Isr.text,0x506,0x60009F90,0 ,variable
.Isr.text,isr_transmit,0x60009F90,412 ,variable
.Isr.text,tx_copy_zeros_dma,0x6000A12C,104 ,variable
.Isr.text,au_outpcmbuf2txdmabuf,0x6000A194,728 ,variable
.Isr.text,tx_kernel_variable_reinit,0x6000A46C,44 ,variable
.Isr.text,0x179,0x6000A498,0 ,variable
.Isr.text,(size,0x181,1610654487 ,variable
.Isr.text,customerpostprocess,0x6000A498,184 ,variable
.Isr.text,customerpp_param_list,0x6000A550,100 ,variable
.Isr.text,au_processingbuf2customerppbuf,0x6000A5B4,44 ,variable
.Isr.text,au_customerppbuf2processingbuf,0x6000A5E0,44 ,variable
.Isr.text,customerpp,0x6000A60C,8 ,variable
.Isr.text,0x5ed,0x6000A614,0 ,variable
.Isr.text,(size,0x789,1610653323 ,variable
.Isr.text,au_targetHWinit,0x6000A614,432 ,variable
.Isr.text,configure_i2srx_ports,0x6000A7C4,232 ,variable
.Isr.text,configure_i2stx_ports,0x6000A8AC,328 ,variable
.Isr.text,IFSIntCallback,0x6000A9F4,56 ,variable
.Isr.text,clock_config,0x6000AA2C,84 ,variable
.Isr.text,ports_reconfig,0x6000AA80,56 ,variable
.Isr.text,stop_i2s,0x6000AAB8,152 ,variable
.Isr.text,re_enable_i2s,0x6000AB50,180 ,variable
.Isr.text,0x0,0x6000AC04,12 ,variable
.Isr.text,0x120,0x6000AC10,0 ,variable
.Isr.text,au_write_data_to_buf,0x6000AC10,288 ,variable
.Isr.text,.,0x6000AD30,0 ,variable
.Isr.text,_Framework_text_end,0x6000AD30,0 ,variable
.Isr.text,_memmap_seg_FRAMEWORK_CODE_end,0x6000AD30,118480 ,variable
.Isr.data,_Isr_data_start,0x60027C00,0 ,variable
.Isr.data,I2STX8Buff1,0x60027C00,256 ,variable
.Isr.data,I2SRX0DeviceMEM,0x60027D00,16 ,variable
.Isr.data,I2SRX1DeviceMEM,0x60027D10,16 ,variable
.Isr.data,I2SRX2DeviceMEM,0x60027D20,16 ,variable
.Isr.data,I2STX2DeviceMEM,0x60027D30,16 ,variable
.Isr.data,I2STX3DeviceMEM,0x60027D40,16 ,variable
.Isr.data,I2STX4DeviceMEM,0x60027D50,16 ,variable
.Isr.data,I2STX7DeviceMEM,0x60027D60,16 ,variable
.Isr.data,I2STX8DeviceMEM,0x60027D70,16 ,variable
.Isr.data,command_receive_buffer,0x60027D80,6784 ,variable
.Isr.data,I2SRX0Buff0,0x60029800,1024 ,variable
.Isr.data,I2SRX8Buff0,0x60029C00,1024 ,variable
.Isr.data,I2SRX1Buff0,0x6002A000,256 ,variable
.Isr.data,I2SRX0Buff0Cnt,0x6002A100,4 ,variable
.Isr.data,I2SRX0Buff1Cnt,0x6002A104,4 ,variable
.Isr.data,I2SRX0Cnt,0x6002A108,4 ,variable
.Isr.data,I2STX2Buff0Cnt,0x6002A10C,4 ,variable
.Isr.data,I2STX2Buff1Cnt,0x6002A110,4 ,variable
.Isr.data,I2STX2Cnt,0x6002A114,4 ,variable
.Isr.data,BlockRcvd0,0x6002A118,1 ,variable
.Isr.data,BlockSent2,0x6002A119,743 ,variable
.Isr.data,I2SRX2Buff0,0x6002A400,1024 ,variable
.Isr.data,I2SRX0Buff1,0x6002A800,1024 ,variable
.Isr.data,I2SRX8Buff1,0x6002AC00,1024 ,variable
.Isr.data,I2SRX1Buff1,0x6002B000,1024 ,variable
.Isr.data,I2SRX2Buff1,0x6002B400,1024 ,variable
.Isr.data,I2STX2Buff0,0x6002B800,1024 ,variable
.Isr.data,I2STX6Buff0,0x6002BC00,1024 ,variable
.Isr.data,I2STX3Buff0,0x6002C000,1024 ,variable
.Isr.data,I2STX4Buff0,0x6002C400,1024 ,variable
.Isr.data,I2STX7Buff0,0x6002C800,1024 ,variable
.Isr.data,I2STX8Buff0,0x6002CC00,1024 ,variable
.Isr.data,I2STX2Buff1,0x6002D000,1024 ,variable
.Isr.data,I2STX6Buff1,0x6002D400,1024 ,variable
.Isr.data,I2STX3Buff1,0x6002D800,1024 ,variable
.Isr.data,I2STX4Buff1,0x6002DC00,1024 ,variable
.Isr.data,I2STX7Buff1,0x6002E000,256 ,variable
.Isr.data,.,0x6002E100,0 ,variable
.Isr.data,_Isr_data_end,0x6002E100,0 ,variable
.Isr.data,0x6718,0x6002E100,0 ,variable
.Isr.data,_Framework_data_start,0x6002E100,0 ,variable
.Isr.data,0x2dc,0x6002E100,0 ,variable
.Isr.data,p_core0,0x6002E100,736 ,variable
.Isr.data,0x3020,0x6002E3E0,0 ,variable
.Isr.data,channel_routing,0x6002E3E0,4 ,variable
.Isr.data,core0_sync_bit,0x6002E3E4,12 ,variable
.Isr.data,c0_processingbuf,0x6002E3F0,12288 ,variable
.Isr.data,AudioFormatDetectValue_Save,0x600313F0,4 ,variable
.Isr.data,core1_sync_start,0x600313F4,4 ,variable
.Isr.data,core2_sync_start,0x600313F8,4 ,variable
.Isr.data,au_status,0x600313FC,4 ,variable
.Isr.data,0x410,0x60031400,0 ,variable
.Isr.data,formatdetectInBuf_Cnt,0x60031400,16 ,variable
.Isr.data,formatdetectInBuf,0x60031410,1024 ,variable
.Isr.data,0x3000,0x60031810,0 ,variable
.Isr.data,customerppbuf,0x60031810,12288 ,variable
.Isr.data,0x8,0x60034810,0 ,variable
.Isr.data,set_clkdiv,0x60034810,4 ,variable
.Isr.data,set_fsdiv,0x60034814,4 ,variable
.Isr.data,.,0x60034818,0 ,variable
.Isr.data,_Framework_data_end,0x60034818,0 ,variable
.Isr.data,_memmap_seg_FRAMEWORK_DATA_end,0x60034818,100904 ,variable
.Isr.data,0x4000,0x6004D240,0 ,variable
.Isr.data,_Inbitstream_data_start,0x6004D240,0 ,variable
.Isr.data,0x4000,0x6004D240,0 ,variable
.Isr.data,inbitstreambuf,0x6004D240,16384 ,variable
.Isr.data,.,0x60051240,0 ,variable
.Isr.data,_Inbitstream_data_end,0x60051240,0 ,variable
.Isr.data,_memmap_seg_INBITSTREAM_DATA_end,0x60051240,43000 ,variable
.Isr.data,_end,0x6005BA38,0 ,variable
.Isr.data,_stack_sentry,0x6005BA38,10232 ,variable
.Isr.data,PROVIDE,0x6005E230,0 ,variable
.Isr.data,_heap_sentry,0x6005E230,0 ,variable
.Isr.data,_memmap_mem_sram_max,0x60051240,536538560 ,variable
.Icc_host.data,_Icc_host_data_start,0x80000000,0 ,variable
.Icc_host.data,0x1a78,0x80000000,0 ,variable
.Icc_host.data,cmdbuff,0x80000000,256 ,variable
.Icc_host.data,hifi0_command_buff,0x80000100,6400 ,variable
.Icc_host.data,hifi0_status_buff,0x80001A00,120 ,variable
.Icc_host.data,.,0x80001A78,0 ,variable
.Icc_host.data,_Icc_host_data_end,0x80001A78,0 ,variable
.Icc_host.data,_memmap_seg_ICC_HOST_DATA_end,0x80001A78,34184 ,variable
.Icc_dsp.data,_Icc_dsp_data_start,0x8000A000,0 ,variable
.Icc_dsp.data,p_icc,0x8000A000,568 ,variable
.Icc_dsp.data,.,0x8000A238,0 ,variable
.Icc_dsp.data,_Icc_dsp_data_end,0x8000A238,0 ,variable
.Icc_dsp.data,_memmap_seg_ICC_DSP_DATA_end,0x8000A238,50632 ,variable
.Icc_dsp.data,0xc000,0x80016800,0 ,variable
.Icc_dsp.data,_Icc_outpcm_data_start,0x80016800,0 ,variable
.Icc_dsp.data,0xc000,0x80016800,0 ,variable
.Icc_dsp.data,outpcmbuf,0x80016800,49152 ,variable
.Icc_dsp.data,.,0x80022800,0 ,variable
.Icc_dsp.data,_Icc_outpcm_data_end,0x80022800,0 ,variable
.Icc_dsp.data,_memmap_seg_ICC_OUTPCM_DATA_end,0x80022800,344064 ,variable
.Icc_dsp.data,0x0,0x80076800,0 ,variable
.Icc_dsp.data,_Icc_metadata_data_start,0x80076800,0 ,variable
.Icc_dsp.data,.,0x80076800,0 ,variable
.Icc_dsp.data,_Icc_metadata_data_end,0x80076800,0 ,variable
.Icc_dsp.data,_memmap_seg_ICC_METADATA_end,0x80076800,323584 ,variable
.sramicc.fixed,_sramicc_fixed_start,0x800C5800,0 ,variable
.sramicc.fixed,.,0x800C5800,0 ,variable
.sramicc.fixed,_sramicc_fixed_end,0x800C5800,0 ,variable
.sramicc.fixed,_memmap_seg_ICC_RESERVED_MEM_end,0x800C5800,0 ,variable
.sramicc.fixed,_memmap_mem_sramicc_max,0x800C5800,2611200 ,variable
.sramuc.data,_sramuc_data_start,0x80343000,0 ,variable
.sramuc.data,.,0x80343000,0 ,variable
.sramuc.data,_sramuc_data_end,0x80343000,0 ,variable
.sramuc.bss,.,0x80343000,0 ,variable
.sramuc.bss,_sramuc_bss_start,0x80343000,0 ,variable
.sramuc.bss,.,0x80343000,0 ,variable
.sramuc.bss,_sramuc_bss_end,0x80343000,0 ,variable
.sramuc.bss,_memmap_seg_FRAMEWORK_UC_end,0x80343000,0 ,variable
.sramuc.bss,_memmap_mem_sramuc_max,0x80343000,0 ,variable
.debug_aranges,0x20,0x0,32 ,variable
.debug_aranges,0x20,0x20,32 ,variable
.debug_aranges,0x20,0x40,32 ,variable
.debug_aranges,0x20,0x60,32 ,variable
.debug_aranges,0x20,0x80,32 ,variable
.debug_aranges,0x20,0xA0,32 ,variable
.debug_aranges,0x20,0xC0,32 ,variable
.debug_aranges,0x20,0xE0,32 ,variable
.debug_aranges,0x20,0x100,32 ,variable
.debug_aranges,0x20,0x120,32 ,variable
.debug_aranges,0x28,0x140,40 ,variable
.debug_aranges,0x20,0x168,32 ,variable
.debug_aranges,0x20,0x188,32 ,variable
.debug_aranges,0x20,0x1A8,32 ,variable
.debug_aranges,0x20,0x1C8,32 ,variable
.debug_aranges,0x20,0x1E8,32 ,variable
.debug_aranges,0x20,0x208,32 ,variable
.debug_aranges,0x20,0x228,32 ,variable
.debug_aranges,0x20,0x248,32 ,variable
.debug_aranges,0x20,0x268,32 ,variable
.debug_aranges,0x20,0x288,32 ,variable
.debug_aranges,0x20,0x2A8,32 ,variable
.debug_aranges,0x20,0x2C8,0 ,variable
.debug_str,(size,0x19D,0 ,variable
.debug_str,(size,0x13B,3783 ,variable
.debug_str,(size,0x1002,0 ,variable
.debug_str,(size,0xE0D,0 ,variable
.debug_str,(size,0x783,0 ,variable
.debug_str,(size,0x1E5,76 ,variable
.debug_str,(size,0x231,2518 ,variable
.debug_str,(size,0xC07,0 ,variable
.debug_str,(size,0xA02,0 ,variable
.debug_str,(size,0x2AE,0 ,variable
.debug_str,(size,0x118,29 ,variable
.debug_str,(size,0x135,35 ,variable
.debug_str,(size,0x158,232 ,variable
.debug_str,(size,0x240,0 ,variable
.debug_str,(size,0xC5,0 ,variable
.debug_str,(size,0xC5,37 ,variable
.debug_str,(size,0xEA,41 ,variable
.debug_str,(size,0x113,0 ,variable
.debug_str,(size,0xED,0 ,variable
.debug_str,(size,0xCE,0 ,variable
.debug_str,(size,0xC9,0 ,variable
.debug_str,(size,0xC5,5 ,variable
.debug_str,(size,0xCA,124 ,variable
.debug_str,(size,0x146,2 ,variable
.debug_str,(size,0x148,81 ,variable
.debug_str,(size,0x199,0 ,variable
.debug_str,(size,0xC1,11 ,variable
.debug_str,(size,0xCC,0 ,variable
.debug_str,(size,0xCC,0 ,variable
.debug_str,(size,0xC8,10 ,variable
.debug_str,(size,0xD2,0 ,variable
.debug_str,(size,0xCB,0 ,variable
.debug_str,(size,0xC7,12 ,variable
.debug_str,(size,0xD3,0 ,variable
.debug_str,(size,0xCA,6 ,variable
.debug_str,(size,0xD0,0 ,variable
.debug_str,(size,0xC7,0 ,variable
.debug_str,(size,0xBF,83 ,variable
.debug_str,(size,0x112,38 ,variable
.xt.prop,(size,0x138,0 ,variable
.xt.prop,(size,0x138,60 ,variable
.xt.prop,(size,0x174,0 ,variable
.xt.prop,(size,0xCC,216 ,variable
.xt.prop,(size,0x1A4,840 ,variable
.xt.prop,(size,0x4EC,912 ,variable
.xt.prop,(size,0x87C,0 ,variable
.xt.prop,(size,0x3C0,0 ,variable
.xt.prop,(size,0x54,36 ,variable
.xt.prop,(size,0x78,216 ,variable
.xt.prop,(size,0x150,0 ,variable
.xt.prop,(size,0xB4,0 ,variable
.xt.prop,(size,0x24,0 ,variable
.xt.prop,(size,0xC,48 ,variable
.xt.prop,(size,0x3C,0 ,variable
.xt.prop,(size,0x3C,192 ,variable
.xt.prop,(size,0xFC,0 ,variable
.xt.prop,(size,0x3C,0 ,variable
.xt.prop,(size,0x3C,0 ,variable
.xt.prop,(size,0x3C,0 ,variable
.xt.lit,(size,0x8,0 ,variable
.xt.lit,(size,0x8,0 ,variable
.xt.lit,(size,0x8,0 ,variable
.xt.lit,(size,0x8,33 ,variable
.comment,(size,0x29,0 ,variable
.comment,0x0,0x0,0 ,variable
.comment,0x0,0x0,0 ,variable
.comment,0x0,0x0,0 ,variable
.comment,0x0,0x0,0 ,variable
.comment,0x0,0x0,0 ,variable
.comment,0x0,0x0,0 ,variable
.comment,0x0,0x0,0 ,variable
.comment,0x0,0x0,0 ,variable
.comment,0x0,0x0,0 ,variable
.comment,0x0,0x0,0 ,variable
.comment,0x0,0x0,0 ,variable
.comment,0x0,0x0,0 ,variable
.comment,0x0,0x0,0 ,variable
.comment,0x0,0x0,0 ,variable
.comment,0x0,0x0,0 ,variable
.comment,0x0,0x0,0 ,variable
.comment,0x0,0x0,0 ,variable
.comment,0x0,0x0,0 ,variable
.comment,0x0,0x0,0 ,variable
.comment,0x0,0x0,0 ,variable
.comment,0x0,0x0,0 ,variable
.comment,0x0,0x0,0 ,variable
.comment,0x0,0x0,0 ,variable
.comment,0x0,0x0,0 ,variable
.comment,0x0,0x0,0 ,variable
.comment,0x0,0x0,0 ,variable
.comment,0x0,0x0,0 ,variable
.comment,0x0,0x0,0 ,variable
.comment,0x0,0x0,0 ,variable
.comment,0x0,0x0,0 ,variable
.comment,0x0,0x0,0 ,variable
.comment,0x0,0x0,0 ,variable
.comment,0x0,0x0,0 ,variable
.comment,0x0,0x0,0 ,variable
