section,address,size,symbol,source_file
.ResetVector.text,0x50000000,0x12,c,C:/usr/xtensa/XtDevTools/install/builds/RI-2022.10-win32/HiFi_220715_v3p/xtensa-elf/lib/xcc/crtn.o
.ResetVector.text,0x50000000,,_ResetVector,C:/usr/xtensa/XtDevTools/install/builds/RI-2022.10-win32/HiFi_220715_v3p/xtensa-elf/arch/lib/\libhandler-reset.a(reset-vector.o
.ResetVector.text,0x5000003c,,_ResetHandler,C:/usr/xtensa/XtDevTools/install/builds/RI-2022.10-win32/HiFi_220715_v3p/xtensa-elf/arch/lib/\libhandler-reset.a(reset-vector.o
.ResetHandler.text,0x5000012c,0,x0,C:/usr/xtensa/XtDevTools/install/builds/RI-2022.10-win32/HiFi_220715_v3p/xtensa-elf/arch/lib/\libhandler-reset.a(reset-vector.o
.MemoryExceptionVector.literal,0x500002e0,0,x8,C:/usr/xtensa/XtDevTools/install/builds/RI-2022.10-win32/HiFi_220715_v3p/xtensa-elf/arch/lib/\libhandler-reset.a(reset-vector.o
.MemoryExceptionVector.text,0x50000310,0,xb0,C:/usr/xtensa/XtDevTools/install/builds/RI-2022.10-win32/HiFi_220715_v3p/xtensa-elf/arch/lib/\libhandlers-board.a(memerror-vector-S--vector-.o
.MemoryExceptionVector.text,0x50000310,,_MemErrorVector,C:/usr/xtensa/XtDevTools/install/builds/RI-2022.10-win32/HiFi_220715_v3p/xtensa-elf/arch/lib/\libhandlers-board.a(memerror-vector-S--vector-.o
.WindowVectors.text,0x60000000,0x16,c,C:/usr/xtensa/XtDevTools/install/builds/RI-2022.10-win32/HiFi_220715_v3p/xtensa-elf/arch/lib/\libhandlers-board.a(memerror-vector-S--vector-.o
.WindowVectors.text,0x60000000,,_WindowOverflow4,C:/usr/xtensa/XtDevTools/install/builds/RI-2022.10-win32/HiFi_220715_v3p/xtensa-elf/arch/lib/\libhandlers-board.a(window-vectors.o
.WindowVectors.text,0x60000010,,_xtos_alloca_handler,C:/usr/xtensa/XtDevTools/install/builds/RI-2022.10-win32/HiFi_220715_v3p/xtensa-elf/arch/lib/\libhandlers-board.a(window-vectors.o
.WindowVectors.text,0x60000040,,_WindowUnderflow4,C:/usr/xtensa/XtDevTools/install/builds/RI-2022.10-win32/HiFi_220715_v3p/xtensa-elf/arch/lib/\libhandlers-board.a(window-vectors.o
.WindowVectors.text,0x60000080,,_WindowOverflow8,C:/usr/xtensa/XtDevTools/install/builds/RI-2022.10-win32/HiFi_220715_v3p/xtensa-elf/arch/lib/\libhandlers-board.a(window-vectors.o
.WindowVectors.text,0x600000c0,,_WindowUnderflow8,C:/usr/xtensa/XtDevTools/install/builds/RI-2022.10-win32/HiFi_220715_v3p/xtensa-elf/arch/lib/\libhandlers-board.a(window-vectors.o
.WindowVectors.text,0x60000100,,_WindowOverflow12,C:/usr/xtensa/XtDevTools/install/builds/RI-2022.10-win32/HiFi_220715_v3p/xtensa-elf/arch/lib/\libhandlers-board.a(window-vectors.o
.WindowVectors.text,0x60000140,,_WindowUnderflow12,C:/usr/xtensa/XtDevTools/install/builds/RI-2022.10-win32/HiFi_220715_v3p/xtensa-elf/arch/lib/\libhandlers-board.a(window-vectors.o
.Level2InterruptVector.literal,0x60000178,0,x0,C:/usr/xtensa/XtDevTools/install/builds/RI-2022.10-win32/HiFi_220715_v3p/xtensa-elf/arch/lib/\libhandlers-board.a(window-vectors.o
.Level2InterruptVector.text,0x6000017c,0,x8,C:/usr/xtensa/XtDevTools/install/builds/RI-2022.10-win32/HiFi_220715_v3p/xtensa-elf/arch/lib/\libhandlers-board.a(window-vectors.o
.Level2InterruptVector.text,0x6000017c,,_Level2Vector,C:/usr/xtensa/XtDevTools/install/builds/RI-2022.10-win32/HiFi_220715_v3p/xtensa-elf/arch/lib/\libhandlers-board.a(int-vector-level2.o
.DebugExceptionVector.literal,0x60000198,0,x0,C:/usr/xtensa/XtDevTools/install/builds/RI-2022.10-win32/HiFi_220715_v3p/xtensa-elf/arch/lib/\libhandlers-board.a(int-vector-level2.o
.DebugExceptionVector.text,0x600001a0,0,xc,C:/usr/xtensa/XtDevTools/install/builds/RI-2022.10-win32/HiFi_220715_v3p/xtensa-elf/arch/lib/\libhandlers-board.a(int-vector-level2.o
.DebugExceptionVector.text,0x600001a0,,_DebugExceptionVector,C:/usr/xtensa/XtDevTools/install/builds/RI-2022.10-win32/HiFi_220715_v3p/xtensa-elf/arch/lib/\libhandlers-board.a(debug-vector.o
.KernelExceptionVector.literal,0x600001d8,0,x0,C:/usr/xtensa/XtDevTools/install/builds/RI-2022.10-win32/HiFi_220715_v3p/xtensa-elf/arch/lib/\libhandlers-board.a(debug-vector.o
.KernelExceptionVector.text,0x600001dc,0,x8,C:/usr/xtensa/XtDevTools/install/builds/RI-2022.10-win32/HiFi_220715_v3p/xtensa-elf/arch/lib/\libhandlers-board.a(debug-vector.o
.KernelExceptionVector.text,0x600001dc,,_KernelExceptionVector,C:/usr/xtensa/XtDevTools/install/builds/RI-2022.10-win32/HiFi_220715_v3p/xtensa-elf/arch/lib/\libhandlers-board.a(kernel-vector.o
.UserExceptionVector.literal,0x600001f8,0,x4,C:/usr/xtensa/XtDevTools/install/builds/RI-2022.10-win32/HiFi_220715_v3p/xtensa-elf/arch/lib/\libhandlers-board.a(kernel-vector.o
.UserExceptionVector.text,0x600001fc,0,xc,C:/usr/xtensa/XtDevTools/install/builds/RI-2022.10-win32/HiFi_220715_v3p/xtensa-elf/arch/lib/\libhandlers-board.a(user-vector.o
.UserExceptionVector.text,0x600001fc,,_UserExceptionVector,C:/usr/xtensa/XtDevTools/install/builds/RI-2022.10-win32/HiFi_220715_v3p/xtensa-elf/arch/lib/\libhandlers-board.a(user-vector.o
.DoubleExceptionVector.literal,0x60000218,0,x0,C:/usr/xtensa/XtDevTools/install/builds/RI-2022.10-win32/HiFi_220715_v3p/xtensa-elf/arch/lib/\libhandlers-board.a(user-vector.o
.DoubleExceptionVector.text,0x6000021c,0,x8,C:/usr/xtensa/XtDevTools/install/builds/RI-2022.10-win32/HiFi_220715_v3p/xtensa-elf/arch/lib/\libhandlers-board.a(user-vector.o
.DoubleExceptionVector.text,0x6000021c,,_DoubleExceptionVector,C:/usr/xtensa/XtDevTools/install/builds/RI-2022.10-win32/HiFi_220715_v3p/xtensa-elf/arch/lib/\libhandlers-board.a(double-vector.o
.rtos.rodata,0x60000240,,Xthal_intlevel,C:/usr/xtensa/XtDevTools/install/builds/RI-2022.10-win32/HiFi_220715_v3p/xtensa-elf/arch/lib/\libhal.a(const--intlevel.o
.rodata,0x60000498,,drv_irq_src_forceable,D:/Skyworks/DTS/DTSX_VX_INT/SM4G_DTSVX_RT_CH_SWAP/libdrv\libdrv_HIFI0.a(int.o
.init,0x600008b4,,_init,C:/usr/xtensa/XtDevTools/install/builds/RI-2022.10-win32/HiFi_220715_v3p/xtensa-elf/lib/xcc/crti.o
.text,0x600008d0,,_start,C:/usr/xtensa/XtDevTools/install/builds/RI-2022.10-win32/HiFi_220715_v3p/xtensa-elf/arch/lib/crt1-boards.o
.text,0x600009f0,,main,D:/Skyworks/DTS/DTSX_VX_INT/SM4G_DTSVX_RT_CH_SWAP/SM4G_HIFI5Core0/bin/HiFi_220715_v3p_HiFi0/Debug/source/au_framework/src/c0_main.o
.text,0x60000c60,,drv_vmem_VirtualtoPhysicalADD,D:/Skyworks/DTS/DTSX_VX_INT/SM4G_DTSVX_RT_CH_SWAP/SM4G_HIFI5Core0/bin/HiFi_220715_v3p_HiFi0/Debug/source/kernel/target/hifi5/vmem.o
.text,0x60000ca0,,drv_vmem_PhysicaltoVirtualADD,D:/Skyworks/DTS/DTSX_VX_INT/SM4G_DTSVX_RT_CH_SWAP/SM4G_HIFI5Core0/bin/HiFi_220715_v3p_HiFi0/Debug/source/kernel/target/hifi5/vmem.o
.text,0x60000ce0,,drv_bufmgr_init,D:/Skyworks/DTS/DTSX_VX_INT/SM4G_DTSVX_RT_CH_SWAP/libdrv\libdrv_HIFI0.a(bufmgr.o
.text,0x60000e18,,drv_bufmgr_init_secondary,D:/Skyworks/DTS/DTSX_VX_INT/SM4G_DTSVX_RT_CH_SWAP/libdrv\libdrv_HIFI0.a(bufmgr.o
.text,0x60000e74,,drv_bufmgr_RegisterCallback,D:/Skyworks/DTS/DTSX_VX_INT/SM4G_DTSVX_RT_CH_SWAP/libdrv\libdrv_HIFI0.a(bufmgr.o
.text,0x60000e8c,,drv_bufmgr_DeregisterCallback,D:/Skyworks/DTS/DTSX_VX_INT/SM4G_DTSVX_RT_CH_SWAP/libdrv\libdrv_HIFI0.a(bufmgr.o
.text,0x60000ea4,,drv_bufmgr_ChannelDisable,D:/Skyworks/DTS/DTSX_VX_INT/SM4G_DTSVX_RT_CH_SWAP/libdrv\libdrv_HIFI0.a(bufmgr.o
.text,0x60000ef4,,drv_bufmgr_TxSubmitDualCircBuff,D:/Skyworks/DTS/DTSX_VX_INT/SM4G_DTSVX_RT_CH_SWAP/libdrv\libdrv_HIFI0.a(bufmgr.o
.text,0x60001030,,drv_bufmgr_RxSubmitDualCircBuff,D:/Skyworks/DTS/DTSX_VX_INT/SM4G_DTSVX_RT_CH_SWAP/libdrv\libdrv_HIFI0.a(bufmgr.o
.text,0x6000116c,,drv_clkrst_config,D:/Skyworks/DTS/DTSX_VX_INT/SM4G_DTSVX_RT_CH_SWAP/libdrv\libdrv_HIFI0.a(clkrst.o
.text,0x60001174,,drv_clkrst_i2srxclkenable,D:/Skyworks/DTS/DTSX_VX_INT/SM4G_DTSVX_RT_CH_SWAP/libdrv\libdrv_HIFI0.a(clkrst.o
.text,0x600011ec,,drv_clkrst_i2stxclkenable,D:/Skyworks/DTS/DTSX_VX_INT/SM4G_DTSVX_RT_CH_SWAP/libdrv\libdrv_HIFI0.a(clkrst.o
.text,0x600012b4,,drv_clkrst_config2,D:/Skyworks/DTS/DTSX_VX_INT/SM4G_DTSVX_RT_CH_SWAP/libdrv\libdrv_HIFI0.a(clkrst.o
.text,0x60001304,,drv_hpdiv_config,D:/Skyworks/DTS/DTSX_VX_INT/SM4G_DTSVX_RT_CH_SWAP/libdrv\libdrv_HIFI0.a(clkrst.o
.text,0x60001510,,drv_hpdiv_config_intmclk,D:/Skyworks/DTS/DTSX_VX_INT/SM4G_DTSVX_RT_CH_SWAP/libdrv\libdrv_HIFI0.a(clkrst.o
.text,0x6000171c,,drv_dfs_config,D:/Skyworks/DTS/DTSX_VX_INT/SM4G_DTSVX_RT_CH_SWAP/libdrv\libdrv_HIFI0.a(clkrst.o
.text,0x60001858,,drv_evctr0_Enable,D:/Skyworks/DTS/DTSX_VX_INT/SM4G_DTSVX_RT_CH_SWAP/libdrv\libdrv_HIFI0.a(clkrst.o
.text,0x600018b0,,drv_evctr0_Enable2,D:/Skyworks/DTS/DTSX_VX_INT/SM4G_DTSVX_RT_CH_SWAP/libdrv\libdrv_HIFI0.a(clkrst.o
.text,0x60001908,,drv_evctr0_ResultValid,D:/Skyworks/DTS/DTSX_VX_INT/SM4G_DTSVX_RT_CH_SWAP/libdrv\libdrv_HIFI0.a(clkrst.o
.text,0x6000191c,,drv_evctr0_ClearValid,D:/Skyworks/DTS/DTSX_VX_INT/SM4G_DTSVX_RT_CH_SWAP/libdrv\libdrv_HIFI0.a(clkrst.o
.text,0x60001938,,drv_evctr0_ReadResult,D:/Skyworks/DTS/DTSX_VX_INT/SM4G_DTSVX_RT_CH_SWAP/libdrv\libdrv_HIFI0.a(clkrst.o
.text,0x6000194c,,drv_clkrst_GenerateIntBclk,D:/Skyworks/DTS/DTSX_VX_INT/SM4G_DTSVX_RT_CH_SWAP/libdrv\libdrv_HIFI0.a(clkrst.o
.text,0x600019c0,,drv_clkrst_SwitchToIntBclk,D:/Skyworks/DTS/DTSX_VX_INT/SM4G_DTSVX_RT_CH_SWAP/libdrv\libdrv_HIFI0.a(clkrst.o
.text,0x600019f4,,drv_clkrst_SwitchToExtBclk,D:/Skyworks/DTS/DTSX_VX_INT/SM4G_DTSVX_RT_CH_SWAP/libdrv\libdrv_HIFI0.a(clkrst.o
.text,0x60001a30,,drv_i2srx_Open,D:/Skyworks/DTS/DTSX_VX_INT/SM4G_DTSVX_RT_CH_SWAP/libdrv\libdrv_HIFI0.a(i2srx.o
.text,0x60001b88,,drv_i2srx_Close,D:/Skyworks/DTS/DTSX_VX_INT/SM4G_DTSVX_RT_CH_SWAP/libdrv\libdrv_HIFI0.a(i2srx.o
.text,0x60001c2c,,drv_i2srx_RegisterCallback,D:/Skyworks/DTS/DTSX_VX_INT/SM4G_DTSVX_RT_CH_SWAP/libdrv\libdrv_HIFI0.a(i2srx.o
.text,0x60001c50,,drv_i2srx_Enable,D:/Skyworks/DTS/DTSX_VX_INT/SM4G_DTSVX_RT_CH_SWAP/libdrv\libdrv_HIFI0.a(i2srx.o
.text,0x60001c74,,drv_i2srx_SetFormat,D:/Skyworks/DTS/DTSX_VX_INT/SM4G_DTSVX_RT_CH_SWAP/libdrv\libdrv_HIFI0.a(i2srx.o
.text,0x60001e14,,drv_i2srx_SubmitDualCircBuff,D:/Skyworks/DTS/DTSX_VX_INT/SM4G_DTSVX_RT_CH_SWAP/libdrv\libdrv_HIFI0.a(i2srx.o
.text,0x60001e98,,drv_i2srx_StopDMA,D:/Skyworks/DTS/DTSX_VX_INT/SM4G_DTSVX_RT_CH_SWAP/libdrv\libdrv_HIFI0.a(i2srx.o
.text,0x60001eac,,drv_i2srx_ReadDMAStat,D:/Skyworks/DTS/DTSX_VX_INT/SM4G_DTSVX_RT_CH_SWAP/libdrv\libdrv_HIFI0.a(i2srx.o
.text,0x60001f00,,drv_i2stx_Open,D:/Skyworks/DTS/DTSX_VX_INT/SM4G_DTSVX_RT_CH_SWAP/libdrv\libdrv_HIFI0.a(i2stx.o
.text,0x60002040,,drv_i2stx_Close,D:/Skyworks/DTS/DTSX_VX_INT/SM4G_DTSVX_RT_CH_SWAP/libdrv\libdrv_HIFI0.a(i2stx.o
.text,0x600020e8,,drv_i2stx_RegisterCallback,D:/Skyworks/DTS/DTSX_VX_INT/SM4G_DTSVX_RT_CH_SWAP/libdrv\libdrv_HIFI0.a(i2stx.o
.text,0x6000210c,,drv_i2stx_Enable,D:/Skyworks/DTS/DTSX_VX_INT/SM4G_DTSVX_RT_CH_SWAP/libdrv\libdrv_HIFI0.a(i2stx.o
.text,0x60002130,,drv_i2stx_SetFormat,D:/Skyworks/DTS/DTSX_VX_INT/SM4G_DTSVX_RT_CH_SWAP/libdrv\libdrv_HIFI0.a(i2stx.o
.text,0x600022d0,,drv_i2stx_SubmitDualCircBuff,D:/Skyworks/DTS/DTSX_VX_INT/SM4G_DTSVX_RT_CH_SWAP/libdrv\libdrv_HIFI0.a(i2stx.o
.text,0x6000236c,,drv_i2stx_StopDMA,D:/Skyworks/DTS/DTSX_VX_INT/SM4G_DTSVX_RT_CH_SWAP/libdrv\libdrv_HIFI0.a(i2stx.o
.text,0x60002380,,drv_i2stx_ReadDMAStat,D:/Skyworks/DTS/DTSX_VX_INT/SM4G_DTSVX_RT_CH_SWAP/libdrv\libdrv_HIFI0.a(i2stx.o
.text,0x600023d8,,drv_irq_proc_init,D:/Skyworks/DTS/DTSX_VX_INT/SM4G_DTSVX_RT_CH_SWAP/libdrv\libdrv_HIFI0.a(int.o
.text,0x600025cc,,drv_irq_handler_0,D:/Skyworks/DTS/DTSX_VX_INT/SM4G_DTSVX_RT_CH_SWAP/libdrv\libdrv_HIFI0.a(int.o
.text,0x600025d4,,drv_irq_handler_1,D:/Skyworks/DTS/DTSX_VX_INT/SM4G_DTSVX_RT_CH_SWAP/libdrv\libdrv_HIFI0.a(int.o
.text,0x600025dc,,drv_irq_handler_2,D:/Skyworks/DTS/DTSX_VX_INT/SM4G_DTSVX_RT_CH_SWAP/libdrv\libdrv_HIFI0.a(int.o
.text,0x600025fc,,drv_irq_handler_3,D:/Skyworks/DTS/DTSX_VX_INT/SM4G_DTSVX_RT_CH_SWAP/libdrv\libdrv_HIFI0.a(int.o
.text,0x60002604,,drv_irq_handler_4,D:/Skyworks/DTS/DTSX_VX_INT/SM4G_DTSVX_RT_CH_SWAP/libdrv\libdrv_HIFI0.a(int.o
.text,0x60002674,,drv_irq_handler_5,D:/Skyworks/DTS/DTSX_VX_INT/SM4G_DTSVX_RT_CH_SWAP/libdrv\libdrv_HIFI0.a(int.o
.text,0x6000267c,,drv_irq_handler_6,D:/Skyworks/DTS/DTSX_VX_INT/SM4G_DTSVX_RT_CH_SWAP/libdrv\libdrv_HIFI0.a(int.o
.text,0x600026fc,,drv_irq_handler_7,D:/Skyworks/DTS/DTSX_VX_INT/SM4G_DTSVX_RT_CH_SWAP/libdrv\libdrv_HIFI0.a(int.o
.text,0x60002780,,drv_irq_handler_8,D:/Skyworks/DTS/DTSX_VX_INT/SM4G_DTSVX_RT_CH_SWAP/libdrv\libdrv_HIFI0.a(int.o
.text,0x60002788,,drv_irq_handler_9,D:/Skyworks/DTS/DTSX_VX_INT/SM4G_DTSVX_RT_CH_SWAP/libdrv\libdrv_HIFI0.a(int.o
.text,0x60002790,,drv_irq_handler_10,D:/Skyworks/DTS/DTSX_VX_INT/SM4G_DTSVX_RT_CH_SWAP/libdrv\libdrv_HIFI0.a(int.o
.text,0x60002798,,drv_irq_handler_11,D:/Skyworks/DTS/DTSX_VX_INT/SM4G_DTSVX_RT_CH_SWAP/libdrv\libdrv_HIFI0.a(int.o
.text,0x600027a0,,drv_irq_handler_12,D:/Skyworks/DTS/DTSX_VX_INT/SM4G_DTSVX_RT_CH_SWAP/libdrv\libdrv_HIFI0.a(int.o
.text,0x600027a8,,drv_irq_handler_13,D:/Skyworks/DTS/DTSX_VX_INT/SM4G_DTSVX_RT_CH_SWAP/libdrv\libdrv_HIFI0.a(int.o
.text,0x600027b0,,drv_irq_handler_14,D:/Skyworks/DTS/DTSX_VX_INT/SM4G_DTSVX_RT_CH_SWAP/libdrv\libdrv_HIFI0.a(int.o
.text,0x600027b8,,drv_irq_handler_15,D:/Skyworks/DTS/DTSX_VX_INT/SM4G_DTSVX_RT_CH_SWAP/libdrv\libdrv_HIFI0.a(int.o
.text,0x600027c0,,drv_irq_handler_16,D:/Skyworks/DTS/DTSX_VX_INT/SM4G_DTSVX_RT_CH_SWAP/libdrv\libdrv_HIFI0.a(int.o
.text,0x600027c8,,drv_irq_handler_17,D:/Skyworks/DTS/DTSX_VX_INT/SM4G_DTSVX_RT_CH_SWAP/libdrv\libdrv_HIFI0.a(int.o
.text,0x600027d0,,drv_irq_handler_18,D:/Skyworks/DTS/DTSX_VX_INT/SM4G_DTSVX_RT_CH_SWAP/libdrv\libdrv_HIFI0.a(int.o
.text,0x600027d8,,drv_irq_handler_19,D:/Skyworks/DTS/DTSX_VX_INT/SM4G_DTSVX_RT_CH_SWAP/libdrv\libdrv_HIFI0.a(int.o
.text,0x60002854,,drv_irq_handler_20,D:/Skyworks/DTS/DTSX_VX_INT/SM4G_DTSVX_RT_CH_SWAP/libdrv\libdrv_HIFI0.a(int.o
.text,0x6000285c,,drv_irq_handler_21,D:/Skyworks/DTS/DTSX_VX_INT/SM4G_DTSVX_RT_CH_SWAP/libdrv\libdrv_HIFI0.a(int.o
.text,0x60002864,,drv_irq_handler_22,D:/Skyworks/DTS/DTSX_VX_INT/SM4G_DTSVX_RT_CH_SWAP/libdrv\libdrv_HIFI0.a(int.o
.text,0x600028f8,,drv_irq_handler_23,D:/Skyworks/DTS/DTSX_VX_INT/SM4G_DTSVX_RT_CH_SWAP/libdrv\libdrv_HIFI0.a(int.o
.text,0x60002900,,drv_irq_handler_24,D:/Skyworks/DTS/DTSX_VX_INT/SM4G_DTSVX_RT_CH_SWAP/libdrv\libdrv_HIFI0.a(int.o
.text,0x60002908,,drv_irq_handler_25,D:/Skyworks/DTS/DTSX_VX_INT/SM4G_DTSVX_RT_CH_SWAP/libdrv\libdrv_HIFI0.a(int.o
.text,0x60002910,,drv_irq_handler_26,D:/Skyworks/DTS/DTSX_VX_INT/SM4G_DTSVX_RT_CH_SWAP/libdrv\libdrv_HIFI0.a(int.o
.text,0x60002980,,drv_irq_handler_27,D:/Skyworks/DTS/DTSX_VX_INT/SM4G_DTSVX_RT_CH_SWAP/libdrv\libdrv_HIFI0.a(int.o
.text,0x60002988,,drv_irq_handler_28,D:/Skyworks/DTS/DTSX_VX_INT/SM4G_DTSVX_RT_CH_SWAP/libdrv\libdrv_HIFI0.a(int.o
.text,0x60002990,,drv_irq_handler_29,D:/Skyworks/DTS/DTSX_VX_INT/SM4G_DTSVX_RT_CH_SWAP/libdrv\libdrv_HIFI0.a(int.o
.text,0x60002998,,drv_irq_handler_30,D:/Skyworks/DTS/DTSX_VX_INT/SM4G_DTSVX_RT_CH_SWAP/libdrv\libdrv_HIFI0.a(int.o
.text,0x600029a0,,drv_irq_handler_31,D:/Skyworks/DTS/DTSX_VX_INT/SM4G_DTSVX_RT_CH_SWAP/libdrv\libdrv_HIFI0.a(int.o
.text,0x600029a8,,drv_irq_proc_enable,D:/Skyworks/DTS/DTSX_VX_INT/SM4G_DTSVX_RT_CH_SWAP/libdrv\libdrv_HIFI0.a(int.o
.text,0x600029b4,,drv_irq_proc_disable,D:/Skyworks/DTS/DTSX_VX_INT/SM4G_DTSVX_RT_CH_SWAP/libdrv\libdrv_HIFI0.a(int.o
.text,0x600029c0,,drv_irq_proc_clear,D:/Skyworks/DTS/DTSX_VX_INT/SM4G_DTSVX_RT_CH_SWAP/libdrv\libdrv_HIFI0.a(int.o
.text,0x600029d4,,drv_irq_proc_set,D:/Skyworks/DTS/DTSX_VX_INT/SM4G_DTSVX_RT_CH_SWAP/libdrv\libdrv_HIFI0.a(int.o
.text,0x600029e8,,drv_irq_src_is_valid,D:/Skyworks/DTS/DTSX_VX_INT/SM4G_DTSVX_RT_CH_SWAP/libdrv\libdrv_HIFI0.a(int.o
.text,0x60002a34,,drv_irq_init,D:/Skyworks/DTS/DTSX_VX_INT/SM4G_DTSVX_RT_CH_SWAP/libdrv\libdrv_HIFI0.a(int.o
.text,0x60002a58,,drv_irq_dispatch,D:/Skyworks/DTS/DTSX_VX_INT/SM4G_DTSVX_RT_CH_SWAP/libdrv\libdrv_HIFI0.a(int.o
.text,0x60002a80,,drv_irq_enable,D:/Skyworks/DTS/DTSX_VX_INT/SM4G_DTSVX_RT_CH_SWAP/libdrv\libdrv_HIFI0.a(int.o
.text,0x60002ad8,,drv_irq_disable,D:/Skyworks/DTS/DTSX_VX_INT/SM4G_DTSVX_RT_CH_SWAP/libdrv\libdrv_HIFI0.a(int.o
.text,0x60002b3c,,drv_irq_disable_all,D:/Skyworks/DTS/DTSX_VX_INT/SM4G_DTSVX_RT_CH_SWAP/libdrv\libdrv_HIFI0.a(int.o
.text,0x60002b70,,drv_irq_clear,D:/Skyworks/DTS/DTSX_VX_INT/SM4G_DTSVX_RT_CH_SWAP/libdrv\libdrv_HIFI0.a(int.o
.text,0x60002c18,,drv_irq_set,D:/Skyworks/DTS/DTSX_VX_INT/SM4G_DTSVX_RT_CH_SWAP/libdrv\libdrv_HIFI0.a(int.o
.text,0x60002cc0,,drv_irq_register,D:/Skyworks/DTS/DTSX_VX_INT/SM4G_DTSVX_RT_CH_SWAP/libdrv\libdrv_HIFI0.a(int.o
.text,0x60002ce0,,drv_mutex_MsgRepInit,D:/Skyworks/DTS/DTSX_VX_INT/SM4G_DTSVX_RT_CH_SWAP/libdrv\libdrv_HIFI0.a(mutex.o
.text,0x60002cf8,,drv_mutex_MsgRepCleanShMem,D:/Skyworks/DTS/DTSX_VX_INT/SM4G_DTSVX_RT_CH_SWAP/libdrv\libdrv_HIFI0.a(mutex.o
.text,0x60002d20,,drv_mutex_MsgRepIntEnable,D:/Skyworks/DTS/DTSX_VX_INT/SM4G_DTSVX_RT_CH_SWAP/libdrv\libdrv_HIFI0.a(mutex.o
.text,0x60002ebc,,drv_mutex_RegisterMsgRepCallback,D:/Skyworks/DTS/DTSX_VX_INT/SM4G_DTSVX_RT_CH_SWAP/libdrv\libdrv_HIFI0.a(mutex.o
.text,0x60002ed4,,drv_mutex_SendMsg,D:/Skyworks/DTS/DTSX_VX_INT/SM4G_DTSVX_RT_CH_SWAP/libdrv\libdrv_HIFI0.a(mutex.o
.text,0x60002f14,,drv_mutex_SendRep,D:/Skyworks/DTS/DTSX_VX_INT/SM4G_DTSVX_RT_CH_SWAP/libdrv\libdrv_HIFI0.a(mutex.o
.text,0x60002f8c,,drv_mutex_SendMsgInt,D:/Skyworks/DTS/DTSX_VX_INT/SM4G_DTSVX_RT_CH_SWAP/libdrv\libdrv_HIFI0.a(mutex.o
.text,0x60002fb8,,drv_mutex_SendRepInt,D:/Skyworks/DTS/DTSX_VX_INT/SM4G_DTSVX_RT_CH_SWAP/libdrv\libdrv_HIFI0.a(mutex.o
.text,0x60003024,,drv_mutex_SYNCSet,D:/Skyworks/DTS/DTSX_VX_INT/SM4G_DTSVX_RT_CH_SWAP/libdrv\libdrv_HIFI0.a(mutex.o
.text,0x6000303c,,drv_mutex_SYNCClr,D:/Skyworks/DTS/DTSX_VX_INT/SM4G_DTSVX_RT_CH_SWAP/libdrv\libdrv_HIFI0.a(mutex.o
.text,0x60003054,,drv_mutex_SYNCWrite,D:/Skyworks/DTS/DTSX_VX_INT/SM4G_DTSVX_RT_CH_SWAP/libdrv\libdrv_HIFI0.a(mutex.o
.text,0x6000306c,,drv_mutex_SYNCRead,D:/Skyworks/DTS/DTSX_VX_INT/SM4G_DTSVX_RT_CH_SWAP/libdrv\libdrv_HIFI0.a(mutex.o
.text,0x60003088,,drv_padcfg_config,D:/Skyworks/DTS/DTSX_VX_INT/SM4G_DTSVX_RT_CH_SWAP/libdrv\libdrv_HIFI0.a(padcfg.o
.text,0x60003168,,drv_padcfg_config_bt_slave,D:/Skyworks/DTS/DTSX_VX_INT/SM4G_DTSVX_RT_CH_SWAP/libdrv\libdrv_HIFI0.a(padcfg.o
.text,0x60003268,,drv_padcfg_MCLKOutEnable,D:/Skyworks/DTS/DTSX_VX_INT/SM4G_DTSVX_RT_CH_SWAP/libdrv\libdrv_HIFI0.a(padcfg.o
.text,0x60003284,,drv_padcfg_IFSEN,D:/Skyworks/DTS/DTSX_VX_INT/SM4G_DTSVX_RT_CH_SWAP/libdrv\libdrv_HIFI0.a(padcfg.o
.text,0x600032a8,,drv_padcfg_OFSEN,D:/Skyworks/DTS/DTSX_VX_INT/SM4G_DTSVX_RT_CH_SWAP/libdrv\libdrv_HIFI0.a(padcfg.o
.text,0x600032cc,,drv_padcfg_IFSEN_bt,D:/Skyworks/DTS/DTSX_VX_INT/SM4G_DTSVX_RT_CH_SWAP/libdrv\libdrv_HIFI0.a(padcfg.o
.text,0x600032f0,,drv_padcfg_InOutEnable,D:/Skyworks/DTS/DTSX_VX_INT/SM4G_DTSVX_RT_CH_SWAP/libdrv\libdrv_HIFI0.a(padcfg.o
.text,0x6000334c,,drv_pinmux_config,D:/Skyworks/DTS/DTSX_VX_INT/SM4G_DTSVX_RT_CH_SWAP/libdrv\libdrv_HIFI0.a(pinmux.o
.text,0x600035dc,,drv_pinmux_config2,D:/Skyworks/DTS/DTSX_VX_INT/SM4G_DTSVX_RT_CH_SWAP/libdrv\libdrv_HIFI0.a(pinmux.o
.text,0x600038b4,,drv_pinmux_config_bt_slave,D:/Skyworks/DTS/DTSX_VX_INT/SM4G_DTSVX_RT_CH_SWAP/libdrv\libdrv_HIFI0.a(pinmux.o
.text,0x60003ad4,,drv_pinmux_config_adc,D:/Skyworks/DTS/DTSX_VX_INT/SM4G_DTSVX_RT_CH_SWAP/libdrv\libdrv_HIFI0.a(pinmux.o
.text,0x60003d00,,drv_pinmux_iclkconnect,D:/Skyworks/DTS/DTSX_VX_INT/SM4G_DTSVX_RT_CH_SWAP/libdrv\libdrv_HIFI0.a(pinmux.o
.text,0x60003d94,,drv_pinmux_iclkconnect_bt,D:/Skyworks/DTS/DTSX_VX_INT/SM4G_DTSVX_RT_CH_SWAP/libdrv\libdrv_HIFI0.a(pinmux.o
.text,0x60003dc4,,drv_pinmux_oclkconnect,D:/Skyworks/DTS/DTSX_VX_INT/SM4G_DTSVX_RT_CH_SWAP/libdrv\libdrv_HIFI0.a(pinmux.o
.text,0x60003e48,,drv_pinmux_ifsconnect,D:/Skyworks/DTS/DTSX_VX_INT/SM4G_DTSVX_RT_CH_SWAP/libdrv\libdrv_HIFI0.a(pinmux.o
.text,0x60003edc,,drv_pinmux_ifsconnect_bt,D:/Skyworks/DTS/DTSX_VX_INT/SM4G_DTSVX_RT_CH_SWAP/libdrv\libdrv_HIFI0.a(pinmux.o
.text,0x60003f0c,,drv_pinmux_ofsconnect,D:/Skyworks/DTS/DTSX_VX_INT/SM4G_DTSVX_RT_CH_SWAP/libdrv\libdrv_HIFI0.a(pinmux.o
.text,0x60003f80,,drv_pinmux_ifslevel,D:/Skyworks/DTS/DTSX_VX_INT/SM4G_DTSVX_RT_CH_SWAP/libdrv\libdrv_HIFI0.a(pinmux.o
.text,0x60003f94,,drv_pinmux_ofslevel,D:/Skyworks/DTS/DTSX_VX_INT/SM4G_DTSVX_RT_CH_SWAP/libdrv\libdrv_HIFI0.a(pinmux.o
.text,0x60003fa8,,drv_pinmux_EnableIFSInt,D:/Skyworks/DTS/DTSX_VX_INT/SM4G_DTSVX_RT_CH_SWAP/libdrv\libdrv_HIFI0.a(pinmux.o
.text,0x6000400c,,drv_pinmux_EnableIFSInt_bt,D:/Skyworks/DTS/DTSX_VX_INT/SM4G_DTSVX_RT_CH_SWAP/libdrv\libdrv_HIFI0.a(pinmux.o
.text,0x60004058,,drv_pinmux_DisableIFSInt,D:/Skyworks/DTS/DTSX_VX_INT/SM4G_DTSVX_RT_CH_SWAP/libdrv\libdrv_HIFI0.a(pinmux.o
.text,0x60004064,,drv_pinmux_EnableOFSInt,D:/Skyworks/DTS/DTSX_VX_INT/SM4G_DTSVX_RT_CH_SWAP/libdrv\libdrv_HIFI0.a(pinmux.o
.text,0x600040d0,,drv_pinmux_DisableOFSInt,D:/Skyworks/DTS/DTSX_VX_INT/SM4G_DTSVX_RT_CH_SWAP/libdrv\libdrv_HIFI0.a(pinmux.o
.text,0x600040dc,,drv_pinmux_SPIFlashCfg,D:/Skyworks/DTS/DTSX_VX_INT/SM4G_DTSVX_RT_CH_SWAP/libdrv\libdrv_HIFI0.a(pinmux.o
.text,0x600041ac,,drv_pinmux_XIPFlashCfg,D:/Skyworks/DTS/DTSX_VX_INT/SM4G_DTSVX_RT_CH_SWAP/libdrv\libdrv_HIFI0.a(pinmux.o
.text,0x60004290,,drv_pll_config,D:/Skyworks/DTS/DTSX_VX_INT/SM4G_DTSVX_RT_CH_SWAP/libdrv\libdrv_HIFI0.a(pll.o
.text,0x600043f4,,drv_pll_config2,D:/Skyworks/DTS/DTSX_VX_INT/SM4G_DTSVX_RT_CH_SWAP/libdrv\libdrv_HIFI0.a(pll.o
.text,0x60004558,,drv_pll_config3,D:/Skyworks/DTS/DTSX_VX_INT/SM4G_DTSVX_RT_CH_SWAP/libdrv\libdrv_HIFI0.a(pll.o
.text,0x600046bc,,drv_pll_config4,D:/Skyworks/DTS/DTSX_VX_INT/SM4G_DTSVX_RT_CH_SWAP/libdrv\libdrv_HIFI0.a(pll.o
.text,0x60004820,,drv_pll_config5,D:/Skyworks/DTS/DTSX_VX_INT/SM4G_DTSVX_RT_CH_SWAP/libdrv\libdrv_HIFI0.a(pll.o
.text,0x60004984,,drv_pll_config6,D:/Skyworks/DTS/DTSX_VX_INT/SM4G_DTSVX_RT_CH_SWAP/libdrv\libdrv_HIFI0.a(pll.o
.text,0x60004ae8,,drv_pll_CPUClockSel,D:/Skyworks/DTS/DTSX_VX_INT/SM4G_DTSVX_RT_CH_SWAP/libdrv\libdrv_HIFI0.a(pll.o
.text,0x60004b10,,drv_frt_Init,D:/Skyworks/DTS/DTSX_VX_INT/SM4G_DTSVX_RT_CH_SWAP/libdrv\libdrv_HIFI0.a(frt.o
.text,0x60004b40,,drv_frt_Start,D:/Skyworks/DTS/DTSX_VX_INT/SM4G_DTSVX_RT_CH_SWAP/libdrv\libdrv_HIFI0.a(frt.o
.text,0x60004b54,,drv_frt_Pause,D:/Skyworks/DTS/DTSX_VX_INT/SM4G_DTSVX_RT_CH_SWAP/libdrv\libdrv_HIFI0.a(frt.o
.text,0x60004b68,,drv_frt_Clear,D:/Skyworks/DTS/DTSX_VX_INT/SM4G_DTSVX_RT_CH_SWAP/libdrv\libdrv_HIFI0.a(frt.o
.text,0x60004b7c,,drv_frt_Read,D:/Skyworks/DTS/DTSX_VX_INT/SM4G_DTSVX_RT_CH_SWAP/libdrv\libdrv_HIFI0.a(frt.o
.text.__clibrary_init,0x60004b94,,__clibrary_init,C:/usr/xtensa/XtDevTools/install/builds/RI-2022.10-win32/HiFi_220715_v3p/xtensa-elf/lib/\libc.a(clibrary_init.o
.text.exit,0x60004bb0,,exit,C:/usr/xtensa/XtDevTools/install/builds/RI-2022.10-win32/HiFi_220715_v3p/xtensa-elf/lib/\libc.a(xtensa_exit.o
.text._init_reent_bss,0x60004c28,,_init_reent_bss,C:/usr/xtensa/XtDevTools/install/builds/RI-2022.10-win32/HiFi_220715_v3p/xtensa-elf/lib/\libc.a(reent_bss.o
.text,0x60004c40,,_Exit,C:/usr/xtensa/XtDevTools/install/builds/RI-2022.10-win32/HiFi_220715_v3p/xtensa-elf/lib/\libc.a(xexit.o
.text,0x60004c48,,xtos_interrupt_enable,C:/usr/xtensa/XtDevTools/install/builds/RI-2022.10-win32/HiFi_220715_v3p/xtensa-elf/arch/lib/\libhandlers-board.a(xtos-interrupt-enable.o
.text,0x60004c84,,xtos_interrupt_disable,C:/usr/xtensa/XtDevTools/install/builds/RI-2022.10-win32/HiFi_220715_v3p/xtensa-elf/arch/lib/\libhandlers-board.a(xtos-interrupt-disable.o
.text,0x60004cc0,,xtos_set_interrupt_handler,C:/usr/xtensa/XtDevTools/install/builds/RI-2022.10-win32/HiFi_220715_v3p/xtensa-elf/arch/lib/\libhandlers-board.a(xtos-set-inthandler.o
.text,0x60004d14,,_exit,C:/usr/xtensa/XtDevTools/install/builds/RI-2022.10-win32/HiFi_220715_v3p/xtensa-elf/arch/lib/\libhandlers-board.a(exit.o
.text,0x60004d34,,_UserExceptionFromVector,C:/usr/xtensa/XtDevTools/install/builds/RI-2022.10-win32/HiFi_220715_v3p/xtensa-elf/arch/lib/\libhandlers-board.a(user-vector.o
.text,0x60004d48,,_xtos_l1int_handler,C:/usr/xtensa/XtDevTools/install/builds/RI-2022.10-win32/HiFi_220715_v3p/xtensa-elf/arch/lib/\libhandlers-board.a(int-lowpri-dispatcher.o
.text,0x60004d66,,_LevelOneInterrupt,C:/usr/xtensa/XtDevTools/install/builds/RI-2022.10-win32/HiFi_220715_v3p/xtensa-elf/arch/lib/\libhandlers-board.a(int-lowpri-dispatcher.o
.text,0x60004e44,,_Level2FromVector,C:/usr/xtensa/XtDevTools/install/builds/RI-2022.10-win32/HiFi_220715_v3p/xtensa-elf/arch/lib/\libhandlers-board.a(int-handler-level2.o
.text,0x60004f6c,,_xtos_syscall_handler,C:/usr/xtensa/XtDevTools/install/builds/RI-2022.10-win32/HiFi_220715_v3p/xtensa-elf/arch/lib/\libhandlers-board.a(exc-syscall-handler.o
.text,0x60004fab,,_SyscallException,C:/usr/xtensa/XtDevTools/install/builds/RI-2022.10-win32/HiFi_220715_v3p/xtensa-elf/arch/lib/\libhandlers-board.a(exc-syscall-handler.o
.text.MemErrorHandler,0x60004fdc,,_MemErrorHandler,C:/usr/xtensa/XtDevTools/install/builds/RI-2022.10-win32/HiFi_220715_v3p/xtensa-elf/arch/lib/\libhandlers-board.a(memerror-vector-S--handler-.o
.text,0x60005120,,xthal_set_cache_prefetch_long,C:/usr/xtensa/XtDevTools/install/builds/RI-2022.10-win32/HiFi_220715_v3p/xtensa-elf/arch/lib/\libhal.a(cache_asm--set_cache_prefetch_long.o
.text,0x60005180,,memcmp,C:/usr/xtensa/XtDevTools/install/builds/RI-2022.10-win32/HiFi_220715_v3p/xtensa-elf/lib/\libc.a(memcmp.o
.text,0x60005200,,memcpy,C:/usr/xtensa/XtDevTools/install/builds/RI-2022.10-win32/HiFi_220715_v3p/xtensa-elf/lib/\libc.a(memcpy.o
.text,0x60005358,,memset,C:/usr/xtensa/XtDevTools/install/builds/RI-2022.10-win32/HiFi_220715_v3p/xtensa-elf/lib/\libc.a(memset.o
.text,0x600053ac,,board_init,C:/usr/xtensa/XtDevTools/install/builds/RI-2022.10-win32/HiFi_220715_v3p/xtensa-elf/lib/\libgdbio.a(miniboard.o
.text,0x600053b4,,xtos_unhandled_interrupt,C:/usr/xtensa/XtDevTools/install/builds/RI-2022.10-win32/HiFi_220715_v3p/xtensa-elf/arch/lib/\libhandlers-board.a(interrupt-table.o
.text,0x600053bc,,xtos_cause3_handler,C:/usr/xtensa/XtDevTools/install/builds/RI-2022.10-win32/HiFi_220715_v3p/xtensa-elf/arch/lib/\libhandlers-board.a(exc-unhandled.o
.text,0x600053bc,,xtos_unhandled_exception,C:/usr/xtensa/XtDevTools/install/builds/RI-2022.10-win32/HiFi_220715_v3p/xtensa-elf/arch/lib/\libhandlers-board.a(exc-unhandled.o
.text,0x600053cc,,_xtos_return_from_exc,C:/usr/xtensa/XtDevTools/install/builds/RI-2022.10-win32/HiFi_220715_v3p/xtensa-elf/arch/lib/\libhandlers-board.a(exc-return.o
.text,0x600053f0,,xthal_dcache_all_writeback,C:/usr/xtensa/XtDevTools/install/builds/RI-2022.10-win32/HiFi_220715_v3p/xtensa-elf/arch/lib/\libhal.a(cache_asm--dcache_all_writeback.o
.text,0x60005410,,xthal_dcache_region_writeback,C:/usr/xtensa/XtDevTools/install/builds/RI-2022.10-win32/HiFi_220715_v3p/xtensa-elf/arch/lib/\libhal.a(cache_asm--dcache_region_writeback.o
.text,0x60005430,,xthal_dcache_region_writeback_inv,C:/usr/xtensa/XtDevTools/install/builds/RI-2022.10-win32/HiFi_220715_v3p/xtensa-elf/arch/lib/\libhal.a(cache_asm--dcache_region_writeback_inv.o
.fini,0x6000544c,,_fini,C:/usr/xtensa/XtDevTools/install/builds/RI-2022.10-win32/HiFi_220715_v3p/xtensa-elf/lib/xcc/crti.o
.ResetVector.literal,0x6000545c,0,x0,C:/usr/xtensa/XtDevTools/install/builds/RI-2022.10-win32/HiFi_220715_v3p/xtensa-elf/lib/xcc/crtn.o
.clib.data,0x6000545c,,_Nats,C:/usr/xtensa/XtDevTools/install/builds/RI-2022.10-win32/HiFi_220715_v3p/xtensa-elf/lib/\libc.a(xtensa_exit.o
.clib.data,0x60005460,,_Atcount,C:/usr/xtensa/XtDevTools/install/builds/RI-2022.10-win32/HiFi_220715_v3p/xtensa-elf/lib/\libc.a(xtensa_exit.o
.clib.data,0x60005464,,environ,C:/usr/xtensa/XtDevTools/install/builds/RI-2022.10-win32/HiFi_220715_v3p/xtensa-elf/lib/\libc.a(environ.o
.clib.percpu.data,0x60005468,0,x0,C:/usr/xtensa/XtDevTools/install/builds/RI-2022.10-win32/HiFi_220715_v3p/xtensa-elf/lib/\libc.a(environ.o
.rtos.percpu.data,0x60005468,0,x314,C:/usr/xtensa/XtDevTools/install/builds/RI-2022.10-win32/HiFi_220715_v3p/xtensa-elf/lib/\libc.a(environ.o
.rtos.percpu.data,0x60005470,,_xtos_intstruct,C:/usr/xtensa/XtDevTools/install/builds/RI-2022.10-win32/HiFi_220715_v3p/xtensa-elf/arch/lib/\libhandlers-board.a(interrupt-table.o
.rtos.percpu.data,0x60005470,,xtos_enabled,C:/usr/xtensa/XtDevTools/install/builds/RI-2022.10-win32/HiFi_220715_v3p/xtensa-elf/arch/lib/\libhandlers-board.a(interrupt-table.o
.rtos.percpu.data,0x60005474,,xtos_vpri_enabled,C:/usr/xtensa/XtDevTools/install/builds/RI-2022.10-win32/HiFi_220715_v3p/xtensa-elf/arch/lib/\libhandlers-board.a(interrupt-table.o
.rtos.percpu.data,0x60005478,,xtos_interrupt_table,C:/usr/xtensa/XtDevTools/install/builds/RI-2022.10-win32/HiFi_220715_v3p/xtensa-elf/arch/lib/\libhandlers-board.a(interrupt-table.o
.rtos.percpu.data,0x60005578,,xtos_interrupt_mask_table,C:/usr/xtensa/XtDevTools/install/builds/RI-2022.10-win32/HiFi_220715_v3p/xtensa-elf/arch/lib/\libhandlers-board.a(interrupt-table.o
.rtos.percpu.data,0x60005678,,xtos_exc_handler_table,C:/usr/xtensa/XtDevTools/install/builds/RI-2022.10-win32/HiFi_220715_v3p/xtensa-elf/arch/lib/\libhandlers-board.a(user-vector.o
.rtos.percpu.data,0x60005778,,_Pri_2_HandlerAddress,C:/usr/xtensa/XtDevTools/install/builds/RI-2022.10-win32/HiFi_220715_v3p/xtensa-elf/arch/lib/\libhandlers-board.a(int-handler-level2.o
.data,0x60005780,,_start_argc,C:/usr/xtensa/XtDevTools/install/builds/RI-2022.10-win32/HiFi_220715_v3p/xtensa-elf/arch/lib/crt1-boards.o
.data,0x60005784,,_start_argv,C:/usr/xtensa/XtDevTools/install/builds/RI-2022.10-win32/HiFi_220715_v3p/xtensa-elf/arch/lib/crt1-boards.o
.data,0x60005788,,_start_envp,C:/usr/xtensa/XtDevTools/install/builds/RI-2022.10-win32/HiFi_220715_v3p/xtensa-elf/arch/lib/crt1-boards.o
.data,0x6000578c,,__dso_handle,C:/usr/xtensa/XtDevTools/install/builds/RI-2022.10-win32/HiFi_220715_v3p/xtensa-elf/lib/xcc/crtbegin.o
.data,0x600057b0,,g_VMEMTableHIFI0,D:/Skyworks/DTS/DTSX_VX_INT/SM4G_DTSVX_RT_CH_SWAP/SM4G_HIFI5Core0/bin/HiFi_220715_v3p_HiFi0/Debug/source/kernel/target/hifi5/vmem.o
.data,0x600057f0,,g_VMEMTableHIFI1,D:/Skyworks/DTS/DTSX_VX_INT/SM4G_DTSVX_RT_CH_SWAP/SM4G_HIFI5Core0/bin/HiFi_220715_v3p_HiFi0/Debug/source/kernel/target/hifi5/vmem.o
.data,0x60005830,,g_VMEMTableHIFI2,D:/Skyworks/DTS/DTSX_VX_INT/SM4G_DTSVX_RT_CH_SWAP/SM4G_HIFI5Core0/bin/HiFi_220715_v3p_HiFi0/Debug/source/kernel/target/hifi5/vmem.o
.data,0x60005860,,g_VMEMTableMCU1,D:/Skyworks/DTS/DTSX_VX_INT/SM4G_DTSVX_RT_CH_SWAP/SM4G_HIFI5Core0/bin/HiFi_220715_v3p_HiFi0/Debug/source/kernel/target/hifi5/vmem.o
.data,0x60005890,,g_pBUFMGRTable,D:/Skyworks/DTS/DTSX_VX_INT/SM4G_DTSVX_RT_CH_SWAP/libdrv\libdrv_HIFI0.a(bufmgr.o
.data,0x60005894,,g_pCLKRSTTable,D:/Skyworks/DTS/DTSX_VX_INT/SM4G_DTSVX_RT_CH_SWAP/libdrv\libdrv_HIFI0.a(clkrst.o
.data,0x600058a0,,g_I2SRXDevices,D:/Skyworks/DTS/DTSX_VX_INT/SM4G_DTSVX_RT_CH_SWAP/libdrv\libdrv_HIFI0.a(i2srx.o
.data,0x60005930,,g_I2STXDevices,D:/Skyworks/DTS/DTSX_VX_INT/SM4G_DTSVX_RT_CH_SWAP/libdrv\libdrv_HIFI0.a(i2stx.o
.data,0x600059c0,,g_pIRQHIFI1Regs,D:/Skyworks/DTS/DTSX_VX_INT/SM4G_DTSVX_RT_CH_SWAP/libdrv\libdrv_HIFI0.a(int.o
.data,0x600059c4,,g_pIRQHIFI2Regs,D:/Skyworks/DTS/DTSX_VX_INT/SM4G_DTSVX_RT_CH_SWAP/libdrv\libdrv_HIFI0.a(int.o
.data,0x600059c8,,g_pIRQMCU0Regs,D:/Skyworks/DTS/DTSX_VX_INT/SM4G_DTSVX_RT_CH_SWAP/libdrv\libdrv_HIFI0.a(int.o
.data,0x600059cc,,g_pIRQMCU1Regs,D:/Skyworks/DTS/DTSX_VX_INT/SM4G_DTSVX_RT_CH_SWAP/libdrv\libdrv_HIFI0.a(int.o
.data,0x600059d0,,g_pEVCTR0Table,D:/Skyworks/DTS/DTSX_VX_INT/SM4G_DTSVX_RT_CH_SWAP/libdrv\libdrv_HIFI0.a(int.o
.data,0x600059d4,,g_pEVCTR1Table,D:/Skyworks/DTS/DTSX_VX_INT/SM4G_DTSVX_RT_CH_SWAP/libdrv\libdrv_HIFI0.a(int.o
.data,0x600059d8,,g_pEVMGRRegs,D:/Skyworks/DTS/DTSX_VX_INT/SM4G_DTSVX_RT_CH_SWAP/libdrv\libdrv_HIFI0.a(int.o
.data,0x600059dc,,g_pIRQHIFI0Regs,D:/Skyworks/DTS/DTSX_VX_INT/SM4G_DTSVX_RT_CH_SWAP/libdrv\libdrv_HIFI0.a(int.o
.data,0x600059e0,,g_MUTEXMsgRepInfo,D:/Skyworks/DTS/DTSX_VX_INT/SM4G_DTSVX_RT_CH_SWAP/libdrv\libdrv_HIFI0.a(mutex.o
.data,0x600059ec,,g_pPADCFGTable,D:/Skyworks/DTS/DTSX_VX_INT/SM4G_DTSVX_RT_CH_SWAP/libdrv\libdrv_HIFI0.a(padcfg.o
.data,0x600059f0,,g_pPINMUXTable,D:/Skyworks/DTS/DTSX_VX_INT/SM4G_DTSVX_RT_CH_SWAP/libdrv\libdrv_HIFI0.a(pinmux.o
.data,0x600059f4,,g_pPLLRegs,D:/Skyworks/DTS/DTSX_VX_INT/SM4G_DTSVX_RT_CH_SWAP/libdrv\libdrv_HIFI0.a(pll.o
.data,0x600059f8,,g_pPLLDIGRegs,D:/Skyworks/DTS/DTSX_VX_INT/SM4G_DTSVX_RT_CH_SWAP/libdrv\libdrv_HIFI0.a(pll.o
.data,0x600059fc,,g_REFCLKRegs,D:/Skyworks/DTS/DTSX_VX_INT/SM4G_DTSVX_RT_CH_SWAP/libdrv\libdrv_HIFI0.a(pll.o
.data,0x60005a00,,g_pFRTTable,D:/Skyworks/DTS/DTSX_VX_INT/SM4G_DTSVX_RT_CH_SWAP/libdrv\libdrv_HIFI0.a(frt.o
.Host.data,0x60005a10,,msg2,D:/Skyworks/DTS/DTSX_VX_INT/SM4G_DTSVX_RT_CH_SWAP/SM4G_HIFI5Core0/bin/HiFi_220715_v3p_HiFi0/Debug/source/au_framework/src/c0_main.o
.Host.data,0x60005a30,,msg3,D:/Skyworks/DTS/DTSX_VX_INT/SM4G_DTSVX_RT_CH_SWAP/SM4G_HIFI5Core0/bin/HiFi_220715_v3p_HiFi0/Debug/source/au_framework/src/c0_main.o
.Host.data,0x60005a40,,msg4,D:/Skyworks/DTS/DTSX_VX_INT/SM4G_DTSVX_RT_CH_SWAP/SM4G_HIFI5Core0/bin/HiFi_220715_v3p_HiFi0/Debug/source/au_framework/src/c0_main.o
.Host.data,0x60005a50,,msg5,D:/Skyworks/DTS/DTSX_VX_INT/SM4G_DTSVX_RT_CH_SWAP/SM4G_HIFI5Core0/bin/HiFi_220715_v3p_HiFi0/Debug/source/au_framework/src/c0_main.o
.Host.data,0x60005a60,,msg6,D:/Skyworks/DTS/DTSX_VX_INT/SM4G_DTSVX_RT_CH_SWAP/SM4G_HIFI5Core0/bin/HiFi_220715_v3p_HiFi0/Debug/source/au_framework/src/c0_main.o
.Host.data,0x60005a7c,,status_flag,D:/Skyworks/DTS/DTSX_VX_INT/SM4G_DTSVX_RT_CH_SWAP/SM4G_HIFI5Core0/bin/HiFi_220715_v3p_HiFi0/Debug/source/au_framework/src/c0_main.o
.Host.data,0x60005a80,,stream_change_flag,D:/Skyworks/DTS/DTSX_VX_INT/SM4G_DTSVX_RT_CH_SWAP/SM4G_HIFI5Core0/bin/HiFi_220715_v3p_HiFi0/Debug/source/au_framework/src/c0_main.o
.Host.data,0x60005a84,,temp_status,D:/Skyworks/DTS/DTSX_VX_INT/SM4G_DTSVX_RT_CH_SWAP/SM4G_HIFI5Core0/bin/HiFi_220715_v3p_HiFi0/Debug/source/au_framework/src/c0_main.o
.Host.data,0x60005a88,,pstatus,D:/Skyworks/DTS/DTSX_VX_INT/SM4G_DTSVX_RT_CH_SWAP/SM4G_HIFI5Core0/bin/HiFi_220715_v3p_HiFi0/Debug/source/au_framework/src/c0_main.o
.Host.data,0x60005a8c,,MCU_Ready,D:/Skyworks/DTS/DTSX_VX_INT/SM4G_DTSVX_RT_CH_SWAP/SM4G_HIFI5Core0/bin/HiFi_220715_v3p_HiFi0/Debug/source/au_framework/src/isr_handler.o
.Host.data,0x60005a90,,pPDst_HIFI0_Command,D:/Skyworks/DTS/DTSX_VX_INT/SM4G_DTSVX_RT_CH_SWAP/SM4G_HIFI5Core0/bin/HiFi_220715_v3p_HiFi0/Debug/source/au_framework/src/isr_handler.o
.Host.data,0x60005a94,,pPDst_HIFI0_Status,D:/Skyworks/DTS/DTSX_VX_INT/SM4G_DTSVX_RT_CH_SWAP/SM4G_HIFI5Core0/bin/HiFi_220715_v3p_HiFi0/Debug/source/au_framework/src/isr_handler.o
.Host.data,0x60005a98,,bMCU1MsgRcvd,D:/Skyworks/DTS/DTSX_VX_INT/SM4G_DTSVX_RT_CH_SWAP/SM4G_HIFI5Core0/bin/HiFi_220715_v3p_HiFi0/Debug/source/au_framework/src/isr_handler.o
.Host.data,0x60005a99,,bMCU1RepRcvd,D:/Skyworks/DTS/DTSX_VX_INT/SM4G_DTSVX_RT_CH_SWAP/SM4G_HIFI5Core0/bin/HiFi_220715_v3p_HiFi0/Debug/source/au_framework/src/isr_handler.o
.Host.data,0x60005aa0,,msg1,D:/Skyworks/DTS/DTSX_VX_INT/SM4G_DTSVX_RT_CH_SWAP/SM4G_HIFI5Core0/bin/HiFi_220715_v3p_HiFi0/Debug/source/kernel/target/hifi5/targetinit.o
.Host.data,,,__llvm_prf_names,D:/Skyworks/DTS/DTSX_VX_INT/SM4G_DTSVX_RT_CH_SWAP/SM4G_HIFI5Core0/bin/HiFi_220715_v3p_HiFi0/Debug/source/kernel/target/hifi5/targetinit.o
.Host.data,0x60005aa8,0,x0,D:/Skyworks/DTS/DTSX_VX_INT/SM4G_DTSVX_RT_CH_SWAP/SM4G_HIFI5Core0/bin/HiFi_220715_v3p_HiFi0/Debug/source/kernel/target/hifi5/targetinit.o
.note.gnu.build-id,0x60005aa8,0,x0,D:/Skyworks/DTS/DTSX_VX_INT/SM4G_DTSVX_RT_CH_SWAP/SM4G_HIFI5Core0/bin/HiFi_220715_v3p_HiFi0/Debug/source/kernel/target/hifi5/targetinit.o
.bss,0x60005ab0,,au_result,D:/Skyworks/DTS/DTSX_VX_INT/SM4G_DTSVX_RT_CH_SWAP/SM4G_HIFI5Core0/bin/HiFi_220715_v3p_HiFi0/Debug/source/au_framework/src/c0_audioprocess.o
.bss,0x60005ac0,,I2SRX0Handle,D:/Skyworks/DTS/DTSX_VX_INT/SM4G_DTSVX_RT_CH_SWAP/SM4G_HIFI5Core0/bin/HiFi_220715_v3p_HiFi0/Debug/source/au_framework/src/isr_handler.o
.bss,0x60005ac4,,I2SRX8Handle,D:/Skyworks/DTS/DTSX_VX_INT/SM4G_DTSVX_RT_CH_SWAP/SM4G_HIFI5Core0/bin/HiFi_220715_v3p_HiFi0/Debug/source/au_framework/src/isr_handler.o
.bss,0x60005ad0,,I2SRX8DeviceMEM,D:/Skyworks/DTS/DTSX_VX_INT/SM4G_DTSVX_RT_CH_SWAP/SM4G_HIFI5Core0/bin/HiFi_220715_v3p_HiFi0/Debug/source/au_framework/src/isr_handler.o
.bss,0x60005adc,,I2SRX1Handle,D:/Skyworks/DTS/DTSX_VX_INT/SM4G_DTSVX_RT_CH_SWAP/SM4G_HIFI5Core0/bin/HiFi_220715_v3p_HiFi0/Debug/source/au_framework/src/isr_handler.o
.bss,0x60005ae0,,I2SRX2Handle,D:/Skyworks/DTS/DTSX_VX_INT/SM4G_DTSVX_RT_CH_SWAP/SM4G_HIFI5Core0/bin/HiFi_220715_v3p_HiFi0/Debug/source/au_framework/src/isr_handler.o
.bss,0x60005ae4,,I2STX2Handle,D:/Skyworks/DTS/DTSX_VX_INT/SM4G_DTSVX_RT_CH_SWAP/SM4G_HIFI5Core0/bin/HiFi_220715_v3p_HiFi0/Debug/source/au_framework/src/isr_handler.o
.bss,0x60005ae8,,I2STX3Handle,D:/Skyworks/DTS/DTSX_VX_INT/SM4G_DTSVX_RT_CH_SWAP/SM4G_HIFI5Core0/bin/HiFi_220715_v3p_HiFi0/Debug/source/au_framework/src/isr_handler.o
.bss,0x60005aec,,I2STX4Handle,D:/Skyworks/DTS/DTSX_VX_INT/SM4G_DTSVX_RT_CH_SWAP/SM4G_HIFI5Core0/bin/HiFi_220715_v3p_HiFi0/Debug/source/au_framework/src/isr_handler.o
.bss,0x60005af0,,I2STX6Handle,D:/Skyworks/DTS/DTSX_VX_INT/SM4G_DTSVX_RT_CH_SWAP/SM4G_HIFI5Core0/bin/HiFi_220715_v3p_HiFi0/Debug/source/au_framework/src/isr_handler.o
.bss,0x60005b00,,I2STX6DeviceMEM,D:/Skyworks/DTS/DTSX_VX_INT/SM4G_DTSVX_RT_CH_SWAP/SM4G_HIFI5Core0/bin/HiFi_220715_v3p_HiFi0/Debug/source/au_framework/src/isr_handler.o
.bss,0x60005b0c,,I2STX7Handle,D:/Skyworks/DTS/DTSX_VX_INT/SM4G_DTSVX_RT_CH_SWAP/SM4G_HIFI5Core0/bin/HiFi_220715_v3p_HiFi0/Debug/source/au_framework/src/isr_handler.o
.bss,0x60005b10,,I2STX8Handle,D:/Skyworks/DTS/DTSX_VX_INT/SM4G_DTSVX_RT_CH_SWAP/SM4G_HIFI5Core0/bin/HiFi_220715_v3p_HiFi0/Debug/source/au_framework/src/isr_handler.o
.bss,0x60005b14,,bIFSPadEnabled,D:/Skyworks/DTS/DTSX_VX_INT/SM4G_DTSVX_RT_CH_SWAP/SM4G_HIFI5Core0/bin/HiFi_220715_v3p_HiFi0/Debug/source/kernel/target/hifi5/targetinit.o
.bss,0x60005b18,,IFSIntCnt,D:/Skyworks/DTS/DTSX_VX_INT/SM4G_DTSVX_RT_CH_SWAP/SM4G_HIFI5Core0/bin/HiFi_220715_v3p_HiFi0/Debug/source/kernel/target/hifi5/targetinit.o
.bss,0x60005b20,,g_pBUFMGRChMaintTable,D:/Skyworks/DTS/DTSX_VX_INT/SM4G_DTSVX_RT_CH_SWAP/libdrv\libdrv_HIFI0.a(bufmgr.o
.bss,0x60005b70,,g_BUFMGRChInfo,D:/Skyworks/DTS/DTSX_VX_INT/SM4G_DTSVX_RT_CH_SWAP/libdrv\libdrv_HIFI0.a(bufmgr.o
.bss,0x60005c10,,g_irq_table,D:/Skyworks/DTS/DTSX_VX_INT/SM4G_DTSVX_RT_CH_SWAP/libdrv\libdrv_HIFI0.a(int.o
.bss,0x60005ed4,,g_pCurrIRQReg,D:/Skyworks/DTS/DTSX_VX_INT/SM4G_DTSVX_RT_CH_SWAP/libdrv\libdrv_HIFI0.a(int.o
.bss,0x60005ee0,,g_PadsIntInfo,D:/Skyworks/DTS/DTSX_VX_INT/SM4G_DTSVX_RT_CH_SWAP/libdrv\libdrv_HIFI0.a(pinmux.o
.bss,0x60005ef0,,_MemErrorSave,C:/usr/xtensa/XtDevTools/install/builds/RI-2022.10-win32/HiFi_220715_v3p/xtensa-elf/arch/lib/\libhandlers-board.a(memerror-vector-S--handler-.o
.clib.bss,0x60005efc,,__progname,C:/usr/xtensa/XtDevTools/install/builds/RI-2022.10-win32/HiFi_220715_v3p/xtensa-elf/lib/\libc.a(clibrary_init.o
.clib.bss,0x60005f00,,_Atcount0,C:/usr/xtensa/XtDevTools/install/builds/RI-2022.10-win32/HiFi_220715_v3p/xtensa-elf/lib/\libc.a(xtensa_exit.o
.clib.bss,0x60005f04,,_atexitfns,C:/usr/xtensa/XtDevTools/install/builds/RI-2022.10-win32/HiFi_220715_v3p/xtensa-elf/lib/\libc.a(xtensa_exit.o
.clib.bss,0x60005f08,,_atexitfree,C:/usr/xtensa/XtDevTools/install/builds/RI-2022.10-win32/HiFi_220715_v3p/xtensa-elf/lib/\libc.a(xtensa_exit.o
.clib.percpu.bss,0x60006008,,_reent_ptr,C:/usr/xtensa/XtDevTools/install/builds/RI-2022.10-win32/HiFi_220715_v3p/xtensa-elf/lib/\libc.a(reent_bss.o
.Host.text,0x600086a0,,au_stateinfo_comparison,D:/Skyworks/DTS/DTSX_VX_INT/SM4G_DTSVX_RT_CH_SWAP/SM4G_HIFI5Core0/bin/HiFi_220715_v3p_HiFi0/Debug/source/au_framework/src/c0_main.o
.Host.text,0x600087c4,,au_controlword_process,D:/Skyworks/DTS/DTSX_VX_INT/SM4G_DTSVX_RT_CH_SWAP/SM4G_HIFI5Core0/bin/HiFi_220715_v3p_HiFi0/Debug/source/au_framework/src/c0_main.o
.Host.text,0x60008a74,,au_stateinfo_update,D:/Skyworks/DTS/DTSX_VX_INT/SM4G_DTSVX_RT_CH_SWAP/SM4G_HIFI5Core0/bin/HiFi_220715_v3p_HiFi0/Debug/source/au_framework/src/c0_main.o
.Host.text,0x60008b48,,input_config,D:/Skyworks/DTS/DTSX_VX_INT/SM4G_DTSVX_RT_CH_SWAP/SM4G_HIFI5Core0/bin/HiFi_220715_v3p_HiFi0/Debug/source/au_framework/src/c0_main.o
.Host.text,0x60008c10,,au_controlword_process_core1,D:/Skyworks/DTS/DTSX_VX_INT/SM4G_DTSVX_RT_CH_SWAP/SM4G_HIFI5Core0/bin/HiFi_220715_v3p_HiFi0/Debug/source/au_framework/src/c0_main.o
.Host.text,0x60008c74,,au_controlword_process_core2,D:/Skyworks/DTS/DTSX_VX_INT/SM4G_DTSVX_RT_CH_SWAP/SM4G_HIFI5Core0/bin/HiFi_220715_v3p_HiFi0/Debug/source/au_framework/src/c0_main.o
.Host.text,0x60008cd8,,au_stateinfo_compare,D:/Skyworks/DTS/DTSX_VX_INT/SM4G_DTSVX_RT_CH_SWAP/SM4G_HIFI5Core0/bin/HiFi_220715_v3p_HiFi0/Debug/source/au_framework/src/c0_main.o
.Host.text,0x60008dc4,,MutexMsgRepCallback,D:/Skyworks/DTS/DTSX_VX_INT/SM4G_DTSVX_RT_CH_SWAP/SM4G_HIFI5Core0/bin/HiFi_220715_v3p_HiFi0/Debug/source/au_framework/src/isr_handler.o
.Host.text,0x60008e5c,,configure_mutex,D:/Skyworks/DTS/DTSX_VX_INT/SM4G_DTSVX_RT_CH_SWAP/SM4G_HIFI5Core0/bin/HiFi_220715_v3p_HiFi0/Debug/source/kernel/target/hifi5/targetinit.o
.Host.text,0x60008e98,,enable_mutex,D:/Skyworks/DTS/DTSX_VX_INT/SM4G_DTSVX_RT_CH_SWAP/SM4G_HIFI5Core0/bin/HiFi_220715_v3p_HiFi0/Debug/source/kernel/target/hifi5/targetinit.o
.Isr.text,0x60008ec4,,I2SRX0Callback,D:/Skyworks/DTS/DTSX_VX_INT/SM4G_DTSVX_RT_CH_SWAP/SM4G_HIFI5Core0/bin/HiFi_220715_v3p_HiFi0/Debug/source/au_framework/src/isr_handler.o
.Isr.text,0x60008fa0,,I2STX2Callback,D:/Skyworks/DTS/DTSX_VX_INT/SM4G_DTSVX_RT_CH_SWAP/SM4G_HIFI5Core0/bin/HiFi_220715_v3p_HiFi0/Debug/source/au_framework/src/isr_handler.o
.Framework.text,0x600090d0,0x1,c60,D:/Skyworks/DTS/DTSX_VX_INT/SM4G_DTSVX_RT_CH_SWAP/SM4G_HIFI5Core0/bin/HiFi_220715_v3p_HiFi0/Debug/source/au_framework/src/isr_handler.o
.Framework.text,0x600091d4,,au_postprocess,D:/Skyworks/DTS/DTSX_VX_INT/SM4G_DTSVX_RT_CH_SWAP/SM4G_HIFI5Core0/bin/HiFi_220715_v3p_HiFi0/Debug/source/au_framework/src/c0_audiopostprocess.o
.Framework.text,0x60009210,,audioprocess,D:/Skyworks/DTS/DTSX_VX_INT/SM4G_DTSVX_RT_CH_SWAP/SM4G_HIFI5Core0/bin/HiFi_220715_v3p_HiFi0/Debug/source/au_framework/src/c0_audioprocess.o
.Framework.text,0x60009308,,au_memallocation,D:/Skyworks/DTS/DTSX_VX_INT/SM4G_DTSVX_RT_CH_SWAP/SM4G_HIFI5Core0/bin/HiFi_220715_v3p_HiFi0/Debug/source/au_framework/src/c0_audioprocess.o
.Framework.text,0x6000946c,,au_resetsystemvariables,D:/Skyworks/DTS/DTSX_VX_INT/SM4G_DTSVX_RT_CH_SWAP/SM4G_HIFI5Core0/bin/HiFi_220715_v3p_HiFi0/Debug/source/au_framework/src/c0_audioprocess.o
.Framework.text,0x6000948c,,mpcmprocess,D:/Skyworks/DTS/DTSX_VX_INT/SM4G_DTSVX_RT_CH_SWAP/SM4G_HIFI5Core0/bin/HiFi_220715_v3p_HiFi0/Debug/source/au_framework/src/c0_audioprocess.o
.Framework.text,0x6000987c,,au_reset_buf,D:/Skyworks/DTS/DTSX_VX_INT/SM4G_DTSVX_RT_CH_SWAP/SM4G_HIFI5Core0/bin/HiFi_220715_v3p_HiFi0/Debug/source/au_framework/src/c0_audioprocess.o
.Framework.text,0x600098e4,,isinbitstreamavailable,D:/Skyworks/DTS/DTSX_VX_INT/SM4G_DTSVX_RT_CH_SWAP/SM4G_HIFI5Core0/bin/HiFi_220715_v3p_HiFi0/Debug/source/au_framework/src/c0_audioprocess.o
.Framework.text,0x60009910,,isoutpcmbufavailable,D:/Skyworks/DTS/DTSX_VX_INT/SM4G_DTSVX_RT_CH_SWAP/SM4G_HIFI5Core0/bin/HiFi_220715_v3p_HiFi0/Debug/source/au_framework/src/c0_audioprocess.o
.Framework.text,0x60009948,,au_inbitstreambuf2processingbuf,D:/Skyworks/DTS/DTSX_VX_INT/SM4G_DTSVX_RT_CH_SWAP/SM4G_HIFI5Core0/bin/HiFi_220715_v3p_HiFi0/Debug/source/au_framework/src/c0_audioprocess.o
.Framework.text,0x60009970,,au_ptr_update,D:/Skyworks/DTS/DTSX_VX_INT/SM4G_DTSVX_RT_CH_SWAP/SM4G_HIFI5Core0/bin/HiFi_220715_v3p_HiFi0/Debug/source/au_framework/src/c0_audioprocess.o
.Framework.text,0x600099a0,,au_processingbuf2outpcmbuf,D:/Skyworks/DTS/DTSX_VX_INT/SM4G_DTSVX_RT_CH_SWAP/SM4G_HIFI5Core0/bin/HiFi_220715_v3p_HiFi0/Debug/source/au_framework/src/c0_audioprocess.o
.Framework.text,0x60009a30,,routing_12_channel,D:/Skyworks/DTS/DTSX_VX_INT/SM4G_DTSVX_RT_CH_SWAP/SM4G_HIFI5Core0/bin/HiFi_220715_v3p_HiFi0/Debug/source/au_framework/src/c0_audioprocess.o
.Framework.text,0x60009a8c,,iccdata_sendc0toc1,D:/Skyworks/DTS/DTSX_VX_INT/SM4G_DTSVX_RT_CH_SWAP/SM4G_HIFI5Core0/bin/HiFi_220715_v3p_HiFi0/Debug/source/au_framework/src/c0_audioprocess.o
.Framework.text,0x60009ae8,,au_resetmemallocation,D:/Skyworks/DTS/DTSX_VX_INT/SM4G_DTSVX_RT_CH_SWAP/SM4G_HIFI5Core0/bin/HiFi_220715_v3p_HiFi0/Debug/source/au_framework/src/c0_audioprocess.o
.Framework.text,0x60009b50,,au_resetsysetemvariables_fs,D:/Skyworks/DTS/DTSX_VX_INT/SM4G_DTSVX_RT_CH_SWAP/SM4G_HIFI5Core0/bin/HiFi_220715_v3p_HiFi0/Debug/source/au_framework/src/c0_audioprocess.o
.Framework.text,0x60009b70,,au_frameworkinit,D:/Skyworks/DTS/DTSX_VX_INT/SM4G_DTSVX_RT_CH_SWAP/SM4G_HIFI5Core0/bin/HiFi_220715_v3p_HiFi0/Debug/source/au_framework/src/c0_main.o
.Framework.text,0x60009d10,,isr_receiver,D:/Skyworks/DTS/DTSX_VX_INT/SM4G_DTSVX_RT_CH_SWAP/SM4G_HIFI5Core0/bin/HiFi_220715_v3p_HiFi0/Debug/source/au_framework/src/isr_receive.o
.Framework.text,0x60009e80,,rx_intermediate_copy,D:/Skyworks/DTS/DTSX_VX_INT/SM4G_DTSVX_RT_CH_SWAP/SM4G_HIFI5Core0/bin/HiFi_220715_v3p_HiFi0/Debug/source/au_framework/src/isr_receive.o
.Framework.text,0x60009f90,,isr_transmit,D:/Skyworks/DTS/DTSX_VX_INT/SM4G_DTSVX_RT_CH_SWAP/SM4G_HIFI5Core0/bin/HiFi_220715_v3p_HiFi0/Debug/source/au_framework/src/isr_transmit.o
.Framework.text,0x6000a12c,,tx_copy_zeros_dma,D:/Skyworks/DTS/DTSX_VX_INT/SM4G_DTSVX_RT_CH_SWAP/SM4G_HIFI5Core0/bin/HiFi_220715_v3p_HiFi0/Debug/source/au_framework/src/isr_transmit.o
.Framework.text,0x6000a194,,au_outpcmbuf2txdmabuf,D:/Skyworks/DTS/DTSX_VX_INT/SM4G_DTSVX_RT_CH_SWAP/SM4G_HIFI5Core0/bin/HiFi_220715_v3p_HiFi0/Debug/source/au_framework/src/isr_transmit.o
.Framework.text,0x6000a46c,,tx_kernel_variable_reinit,D:/Skyworks/DTS/DTSX_VX_INT/SM4G_DTSVX_RT_CH_SWAP/SM4G_HIFI5Core0/bin/HiFi_220715_v3p_HiFi0/Debug/source/au_framework/src/isr_transmit.o
.Framework.text,0x6000a498,,customerpostprocess,D:/Skyworks/DTS/DTSX_VX_INT/SM4G_DTSVX_RT_CH_SWAP/SM4G_HIFI5Core0/bin/HiFi_220715_v3p_HiFi0/Debug/source/customerpostprocess/c0_customerpostprocess.o
.Framework.text,0x6000a550,,customerpp_param_list,D:/Skyworks/DTS/DTSX_VX_INT/SM4G_DTSVX_RT_CH_SWAP/SM4G_HIFI5Core0/bin/HiFi_220715_v3p_HiFi0/Debug/source/customerpostprocess/c0_customerpostprocess.o
.Framework.text,0x6000a5b4,,au_processingbuf2customerppbuf,D:/Skyworks/DTS/DTSX_VX_INT/SM4G_DTSVX_RT_CH_SWAP/SM4G_HIFI5Core0/bin/HiFi_220715_v3p_HiFi0/Debug/source/customerpostprocess/c0_customerpostprocess.o
.Framework.text,0x6000a5e0,,au_customerppbuf2processingbuf,D:/Skyworks/DTS/DTSX_VX_INT/SM4G_DTSVX_RT_CH_SWAP/SM4G_HIFI5Core0/bin/HiFi_220715_v3p_HiFi0/Debug/source/customerpostprocess/c0_customerpostprocess.o
.Framework.text,0x6000a60c,,customerpp,D:/Skyworks/DTS/DTSX_VX_INT/SM4G_DTSVX_RT_CH_SWAP/SM4G_HIFI5Core0/bin/HiFi_220715_v3p_HiFi0/Debug/source/customerpostprocess/c0_customerpostprocess.o
.Framework.text,0x6000a614,,au_targetHWinit,D:/Skyworks/DTS/DTSX_VX_INT/SM4G_DTSVX_RT_CH_SWAP/SM4G_HIFI5Core0/bin/HiFi_220715_v3p_HiFi0/Debug/source/kernel/target/hifi5/targetinit.o
.Framework.text,0x6000a7c4,,configure_i2srx_ports,D:/Skyworks/DTS/DTSX_VX_INT/SM4G_DTSVX_RT_CH_SWAP/SM4G_HIFI5Core0/bin/HiFi_220715_v3p_HiFi0/Debug/source/kernel/target/hifi5/targetinit.o
.Framework.text,0x6000a8ac,,configure_i2stx_ports,D:/Skyworks/DTS/DTSX_VX_INT/SM4G_DTSVX_RT_CH_SWAP/SM4G_HIFI5Core0/bin/HiFi_220715_v3p_HiFi0/Debug/source/kernel/target/hifi5/targetinit.o
.Framework.text,0x6000a9f4,,IFSIntCallback,D:/Skyworks/DTS/DTSX_VX_INT/SM4G_DTSVX_RT_CH_SWAP/SM4G_HIFI5Core0/bin/HiFi_220715_v3p_HiFi0/Debug/source/kernel/target/hifi5/targetinit.o
.Framework.text,0x6000aa2c,,clock_config,D:/Skyworks/DTS/DTSX_VX_INT/SM4G_DTSVX_RT_CH_SWAP/SM4G_HIFI5Core0/bin/HiFi_220715_v3p_HiFi0/Debug/source/kernel/target/hifi5/targetinit.o
.Framework.text,0x6000aa80,,ports_reconfig,D:/Skyworks/DTS/DTSX_VX_INT/SM4G_DTSVX_RT_CH_SWAP/SM4G_HIFI5Core0/bin/HiFi_220715_v3p_HiFi0/Debug/source/kernel/target/hifi5/targetinit.o
.Framework.text,0x6000aab8,,stop_i2s,D:/Skyworks/DTS/DTSX_VX_INT/SM4G_DTSVX_RT_CH_SWAP/SM4G_HIFI5Core0/bin/HiFi_220715_v3p_HiFi0/Debug/source/kernel/target/hifi5/targetinit.o
.Framework.text,0x6000ab50,,re_enable_i2s,D:/Skyworks/DTS/DTSX_VX_INT/SM4G_DTSVX_RT_CH_SWAP/SM4G_HIFI5Core0/bin/HiFi_220715_v3p_HiFi0/Debug/source/kernel/target/hifi5/targetinit.o
.Framework.text,0x6000ac10,,au_write_data_to_buf,D:/Skyworks/DTS/DTSX_VX_INT/SM4G_DTSVX_RT_CH_SWAP/SM4G_HIFI5Core0/bin/HiFi_220715_v3p_HiFi0/Debug/source/au_framework/src/c0_audiobufferhandle.o
.Isr.data,0x60027c00,,I2STX8Buff1,D:/Skyworks/DTS/DTSX_VX_INT/SM4G_DTSVX_RT_CH_SWAP/SM4G_HIFI5Core0/bin/HiFi_220715_v3p_HiFi0/Debug/source/au_framework/src/isr_handler.o
.Isr.data,0x60027d00,,I2SRX0DeviceMEM,D:/Skyworks/DTS/DTSX_VX_INT/SM4G_DTSVX_RT_CH_SWAP/SM4G_HIFI5Core0/bin/HiFi_220715_v3p_HiFi0/Debug/source/au_framework/src/isr_handler.o
.Isr.data,0x60027d10,,I2SRX1DeviceMEM,D:/Skyworks/DTS/DTSX_VX_INT/SM4G_DTSVX_RT_CH_SWAP/SM4G_HIFI5Core0/bin/HiFi_220715_v3p_HiFi0/Debug/source/au_framework/src/isr_handler.o
.Isr.data,0x60027d20,,I2SRX2DeviceMEM,D:/Skyworks/DTS/DTSX_VX_INT/SM4G_DTSVX_RT_CH_SWAP/SM4G_HIFI5Core0/bin/HiFi_220715_v3p_HiFi0/Debug/source/au_framework/src/isr_handler.o
.Isr.data,0x60027d30,,I2STX2DeviceMEM,D:/Skyworks/DTS/DTSX_VX_INT/SM4G_DTSVX_RT_CH_SWAP/SM4G_HIFI5Core0/bin/HiFi_220715_v3p_HiFi0/Debug/source/au_framework/src/isr_handler.o
.Isr.data,0x60027d40,,I2STX3DeviceMEM,D:/Skyworks/DTS/DTSX_VX_INT/SM4G_DTSVX_RT_CH_SWAP/SM4G_HIFI5Core0/bin/HiFi_220715_v3p_HiFi0/Debug/source/au_framework/src/isr_handler.o
.Isr.data,0x60027d50,,I2STX4DeviceMEM,D:/Skyworks/DTS/DTSX_VX_INT/SM4G_DTSVX_RT_CH_SWAP/SM4G_HIFI5Core0/bin/HiFi_220715_v3p_HiFi0/Debug/source/au_framework/src/isr_handler.o
.Isr.data,0x60027d60,,I2STX7DeviceMEM,D:/Skyworks/DTS/DTSX_VX_INT/SM4G_DTSVX_RT_CH_SWAP/SM4G_HIFI5Core0/bin/HiFi_220715_v3p_HiFi0/Debug/source/au_framework/src/isr_handler.o
.Isr.data,0x60027d70,,I2STX8DeviceMEM,D:/Skyworks/DTS/DTSX_VX_INT/SM4G_DTSVX_RT_CH_SWAP/SM4G_HIFI5Core0/bin/HiFi_220715_v3p_HiFi0/Debug/source/au_framework/src/isr_handler.o
.Isr.data,0x60027d80,,command_receive_buffer,D:/Skyworks/DTS/DTSX_VX_INT/SM4G_DTSVX_RT_CH_SWAP/SM4G_HIFI5Core0/bin/HiFi_220715_v3p_HiFi0/Debug/source/au_framework/src/isr_handler.o
.Isr.data,0x60029800,,I2SRX0Buff0,D:/Skyworks/DTS/DTSX_VX_INT/SM4G_DTSVX_RT_CH_SWAP/SM4G_HIFI5Core0/bin/HiFi_220715_v3p_HiFi0/Debug/source/au_framework/src/isr_handler.o
.Isr.data,0x60029c00,,I2SRX8Buff0,D:/Skyworks/DTS/DTSX_VX_INT/SM4G_DTSVX_RT_CH_SWAP/SM4G_HIFI5Core0/bin/HiFi_220715_v3p_HiFi0/Debug/source/au_framework/src/isr_handler.o
.Isr.data,0x6002a000,,I2SRX1Buff0,D:/Skyworks/DTS/DTSX_VX_INT/SM4G_DTSVX_RT_CH_SWAP/SM4G_HIFI5Core0/bin/HiFi_220715_v3p_HiFi0/Debug/source/au_framework/src/isr_handler.o
.Isr.data,0x6002a100,,I2SRX0Buff0Cnt,D:/Skyworks/DTS/DTSX_VX_INT/SM4G_DTSVX_RT_CH_SWAP/SM4G_HIFI5Core0/bin/HiFi_220715_v3p_HiFi0/Debug/source/au_framework/src/isr_handler.o
.Isr.data,0x6002a104,,I2SRX0Buff1Cnt,D:/Skyworks/DTS/DTSX_VX_INT/SM4G_DTSVX_RT_CH_SWAP/SM4G_HIFI5Core0/bin/HiFi_220715_v3p_HiFi0/Debug/source/au_framework/src/isr_handler.o
.Isr.data,0x6002a108,,I2SRX0Cnt,D:/Skyworks/DTS/DTSX_VX_INT/SM4G_DTSVX_RT_CH_SWAP/SM4G_HIFI5Core0/bin/HiFi_220715_v3p_HiFi0/Debug/source/au_framework/src/isr_handler.o
.Isr.data,0x6002a10c,,I2STX2Buff0Cnt,D:/Skyworks/DTS/DTSX_VX_INT/SM4G_DTSVX_RT_CH_SWAP/SM4G_HIFI5Core0/bin/HiFi_220715_v3p_HiFi0/Debug/source/au_framework/src/isr_handler.o
.Isr.data,0x6002a110,,I2STX2Buff1Cnt,D:/Skyworks/DTS/DTSX_VX_INT/SM4G_DTSVX_RT_CH_SWAP/SM4G_HIFI5Core0/bin/HiFi_220715_v3p_HiFi0/Debug/source/au_framework/src/isr_handler.o
.Isr.data,0x6002a114,,I2STX2Cnt,D:/Skyworks/DTS/DTSX_VX_INT/SM4G_DTSVX_RT_CH_SWAP/SM4G_HIFI5Core0/bin/HiFi_220715_v3p_HiFi0/Debug/source/au_framework/src/isr_handler.o
.Isr.data,0x6002a118,,BlockRcvd0,D:/Skyworks/DTS/DTSX_VX_INT/SM4G_DTSVX_RT_CH_SWAP/SM4G_HIFI5Core0/bin/HiFi_220715_v3p_HiFi0/Debug/source/au_framework/src/isr_handler.o
.Isr.data,0x6002a119,,BlockSent2,D:/Skyworks/DTS/DTSX_VX_INT/SM4G_DTSVX_RT_CH_SWAP/SM4G_HIFI5Core0/bin/HiFi_220715_v3p_HiFi0/Debug/source/au_framework/src/isr_handler.o
.Isr.data,0x6002a400,,I2SRX2Buff0,D:/Skyworks/DTS/DTSX_VX_INT/SM4G_DTSVX_RT_CH_SWAP/SM4G_HIFI5Core0/bin/HiFi_220715_v3p_HiFi0/Debug/source/au_framework/src/isr_handler.o
.Isr.data,0x6002a800,,I2SRX0Buff1,D:/Skyworks/DTS/DTSX_VX_INT/SM4G_DTSVX_RT_CH_SWAP/SM4G_HIFI5Core0/bin/HiFi_220715_v3p_HiFi0/Debug/source/au_framework/src/isr_handler.o
.Isr.data,0x6002ac00,,I2SRX8Buff1,D:/Skyworks/DTS/DTSX_VX_INT/SM4G_DTSVX_RT_CH_SWAP/SM4G_HIFI5Core0/bin/HiFi_220715_v3p_HiFi0/Debug/source/au_framework/src/isr_handler.o
.Isr.data,0x6002b000,,I2SRX1Buff1,D:/Skyworks/DTS/DTSX_VX_INT/SM4G_DTSVX_RT_CH_SWAP/SM4G_HIFI5Core0/bin/HiFi_220715_v3p_HiFi0/Debug/source/au_framework/src/isr_handler.o
.Isr.data,0x6002b400,,I2SRX2Buff1,D:/Skyworks/DTS/DTSX_VX_INT/SM4G_DTSVX_RT_CH_SWAP/SM4G_HIFI5Core0/bin/HiFi_220715_v3p_HiFi0/Debug/source/au_framework/src/isr_handler.o
.Isr.data,0x6002b800,,I2STX2Buff0,D:/Skyworks/DTS/DTSX_VX_INT/SM4G_DTSVX_RT_CH_SWAP/SM4G_HIFI5Core0/bin/HiFi_220715_v3p_HiFi0/Debug/source/au_framework/src/isr_handler.o
.Isr.data,0x6002bc00,,I2STX6Buff0,D:/Skyworks/DTS/DTSX_VX_INT/SM4G_DTSVX_RT_CH_SWAP/SM4G_HIFI5Core0/bin/HiFi_220715_v3p_HiFi0/Debug/source/au_framework/src/isr_handler.o
.Isr.data,0x6002c000,,I2STX3Buff0,D:/Skyworks/DTS/DTSX_VX_INT/SM4G_DTSVX_RT_CH_SWAP/SM4G_HIFI5Core0/bin/HiFi_220715_v3p_HiFi0/Debug/source/au_framework/src/isr_handler.o
.Isr.data,0x6002c400,,I2STX4Buff0,D:/Skyworks/DTS/DTSX_VX_INT/SM4G_DTSVX_RT_CH_SWAP/SM4G_HIFI5Core0/bin/HiFi_220715_v3p_HiFi0/Debug/source/au_framework/src/isr_handler.o
.Isr.data,0x6002c800,,I2STX7Buff0,D:/Skyworks/DTS/DTSX_VX_INT/SM4G_DTSVX_RT_CH_SWAP/SM4G_HIFI5Core0/bin/HiFi_220715_v3p_HiFi0/Debug/source/au_framework/src/isr_handler.o
.Isr.data,0x6002cc00,,I2STX8Buff0,D:/Skyworks/DTS/DTSX_VX_INT/SM4G_DTSVX_RT_CH_SWAP/SM4G_HIFI5Core0/bin/HiFi_220715_v3p_HiFi0/Debug/source/au_framework/src/isr_handler.o
.Isr.data,0x6002d000,,I2STX2Buff1,D:/Skyworks/DTS/DTSX_VX_INT/SM4G_DTSVX_RT_CH_SWAP/SM4G_HIFI5Core0/bin/HiFi_220715_v3p_HiFi0/Debug/source/au_framework/src/isr_handler.o
.Isr.data,0x6002d400,,I2STX6Buff1,D:/Skyworks/DTS/DTSX_VX_INT/SM4G_DTSVX_RT_CH_SWAP/SM4G_HIFI5Core0/bin/HiFi_220715_v3p_HiFi0/Debug/source/au_framework/src/isr_handler.o
.Isr.data,0x6002d800,,I2STX3Buff1,D:/Skyworks/DTS/DTSX_VX_INT/SM4G_DTSVX_RT_CH_SWAP/SM4G_HIFI5Core0/bin/HiFi_220715_v3p_HiFi0/Debug/source/au_framework/src/isr_handler.o
.Isr.data,0x6002dc00,,I2STX4Buff1,D:/Skyworks/DTS/DTSX_VX_INT/SM4G_DTSVX_RT_CH_SWAP/SM4G_HIFI5Core0/bin/HiFi_220715_v3p_HiFi0/Debug/source/au_framework/src/isr_handler.o
.Isr.data,0x6002e000,,I2STX7Buff1,D:/Skyworks/DTS/DTSX_VX_INT/SM4G_DTSVX_RT_CH_SWAP/SM4G_HIFI5Core0/bin/HiFi_220715_v3p_HiFi0/Debug/source/au_framework/src/isr_handler.o
.Framework.data,0x6002e100,0,x6718,D:/Skyworks/DTS/DTSX_VX_INT/SM4G_DTSVX_RT_CH_SWAP/SM4G_HIFI5Core0/bin/HiFi_220715_v3p_HiFi0/Debug/source/au_framework/src/isr_handler.o
.Framework.data,0x6002e100,,p_core0,D:/Skyworks/DTS/DTSX_VX_INT/SM4G_DTSVX_RT_CH_SWAP/SM4G_HIFI5Core0/bin/HiFi_220715_v3p_HiFi0/Debug/source/au_framework/src/c0_audioprocess.o
.Framework.data,0x6002e3e0,,channel_routing,D:/Skyworks/DTS/DTSX_VX_INT/SM4G_DTSVX_RT_CH_SWAP/SM4G_HIFI5Core0/bin/HiFi_220715_v3p_HiFi0/Debug/source/au_framework/src/c0_main.o
.Framework.data,0x6002e3e4,,core0_sync_bit,D:/Skyworks/DTS/DTSX_VX_INT/SM4G_DTSVX_RT_CH_SWAP/SM4G_HIFI5Core0/bin/HiFi_220715_v3p_HiFi0/Debug/source/au_framework/src/c0_main.o
.Framework.data,0x6002e3f0,,c0_processingbuf,D:/Skyworks/DTS/DTSX_VX_INT/SM4G_DTSVX_RT_CH_SWAP/SM4G_HIFI5Core0/bin/HiFi_220715_v3p_HiFi0/Debug/source/au_framework/src/c0_main.o
.Framework.data,0x600313f0,,AudioFormatDetectValue_Save,D:/Skyworks/DTS/DTSX_VX_INT/SM4G_DTSVX_RT_CH_SWAP/SM4G_HIFI5Core0/bin/HiFi_220715_v3p_HiFi0/Debug/source/au_framework/src/c0_main.o
.Framework.data,0x600313f4,,core1_sync_start,D:/Skyworks/DTS/DTSX_VX_INT/SM4G_DTSVX_RT_CH_SWAP/SM4G_HIFI5Core0/bin/HiFi_220715_v3p_HiFi0/Debug/source/au_framework/src/c0_main.o
.Framework.data,0x600313f8,,core2_sync_start,D:/Skyworks/DTS/DTSX_VX_INT/SM4G_DTSVX_RT_CH_SWAP/SM4G_HIFI5Core0/bin/HiFi_220715_v3p_HiFi0/Debug/source/au_framework/src/c0_main.o
.Framework.data,0x600313fc,,au_status,D:/Skyworks/DTS/DTSX_VX_INT/SM4G_DTSVX_RT_CH_SWAP/SM4G_HIFI5Core0/bin/HiFi_220715_v3p_HiFi0/Debug/source/au_framework/src/c0_main.o
.Framework.data,0x60031400,,formatdetectInBuf_Cnt,D:/Skyworks/DTS/DTSX_VX_INT/SM4G_DTSVX_RT_CH_SWAP/SM4G_HIFI5Core0/bin/HiFi_220715_v3p_HiFi0/Debug/source/au_framework/src/isr_receive.o
.Framework.data,0x60031410,,formatdetectInBuf,D:/Skyworks/DTS/DTSX_VX_INT/SM4G_DTSVX_RT_CH_SWAP/SM4G_HIFI5Core0/bin/HiFi_220715_v3p_HiFi0/Debug/source/au_framework/src/isr_receive.o
.Framework.data,0x60031810,,customerppbuf,D:/Skyworks/DTS/DTSX_VX_INT/SM4G_DTSVX_RT_CH_SWAP/SM4G_HIFI5Core0/bin/HiFi_220715_v3p_HiFi0/Debug/source/customerpostprocess/c0_customerpostprocess.o
.Framework.data,0x60034810,,set_clkdiv,D:/Skyworks/DTS/DTSX_VX_INT/SM4G_DTSVX_RT_CH_SWAP/SM4G_HIFI5Core0/bin/HiFi_220715_v3p_HiFi0/Debug/source/kernel/target/hifi5/targetinit.o
.Framework.data,0x60034814,,set_fsdiv,D:/Skyworks/DTS/DTSX_VX_INT/SM4G_DTSVX_RT_CH_SWAP/SM4G_HIFI5Core0/bin/HiFi_220715_v3p_HiFi0/Debug/source/kernel/target/hifi5/targetinit.o
.Inbitstream.data,0x6004d240,0,x4000,D:/Skyworks/DTS/DTSX_VX_INT/SM4G_DTSVX_RT_CH_SWAP/SM4G_HIFI5Core0/bin/HiFi_220715_v3p_HiFi0/Debug/source/kernel/target/hifi5/targetinit.o
.Inbitstream.data,0x6004d240,,inbitstreambuf,D:/Skyworks/DTS/DTSX_VX_INT/SM4G_DTSVX_RT_CH_SWAP/SM4G_HIFI5Core0/bin/HiFi_220715_v3p_HiFi0/Debug/source/au_framework/src/c0_main.o
.Icc_host.data,0x80000000,,cmdbuff,D:/Skyworks/DTS/DTSX_VX_INT/SM4G_DTSVX_RT_CH_SWAP/SM4G_HIFI5Core0/bin/HiFi_220715_v3p_HiFi0/Debug/source/au_framework/src/isr_handler.o
.Icc_host.data,0x80000100,,hifi0_command_buff,D:/Skyworks/DTS/DTSX_VX_INT/SM4G_DTSVX_RT_CH_SWAP/SM4G_HIFI5Core0/bin/HiFi_220715_v3p_HiFi0/Debug/source/au_framework/src/isr_handler.o
.Icc_host.data,0x80001a00,,hifi0_status_buff,D:/Skyworks/DTS/DTSX_VX_INT/SM4G_DTSVX_RT_CH_SWAP/SM4G_HIFI5Core0/bin/HiFi_220715_v3p_HiFi0/Debug/source/au_framework/src/isr_handler.o
.Icc_dsp.data,0x8000a000,,p_icc,D:/Skyworks/DTS/DTSX_VX_INT/SM4G_DTSVX_RT_CH_SWAP/SM4G_HIFI5Core0/bin/HiFi_220715_v3p_HiFi0/Debug/source/au_framework/src/c0_audioprocess.o
.Icc_outpcm.data,0x80016800,0,xc000,D:/Skyworks/DTS/DTSX_VX_INT/SM4G_DTSVX_RT_CH_SWAP/SM4G_HIFI5Core0/bin/HiFi_220715_v3p_HiFi0/Debug/source/au_framework/src/c0_audioprocess.o
.Icc_outpcm.data,0x80016800,,outpcmbuf,D:/Skyworks/DTS/DTSX_VX_INT/SM4G_DTSVX_RT_CH_SWAP/SM4G_HIFI5Core0/bin/HiFi_220715_v3p_HiFi0/Debug/source/au_framework/src/c0_main.o
.Icc_metadata.data,0x80076800,0,x0,D:/Skyworks/DTS/DTSX_VX_INT/SM4G_DTSVX_RT_CH_SWAP/SM4G_HIFI5Core0/bin/HiFi_220715_v3p_HiFi0/Debug/source/au_framework/src/c0_main.o
.note.GNU-stack,0x00000000,0,x0,C:/usr/xtensa/XtDevTools/install/builds/RI-2022.10-win32/HiFi_220715_v3p/xtensa-elf/lib/xcc/crtend.o
